AgentId,StartDate,ActiveUserCount
01e3d1c9-25f8-af6f-9f07-221ca9eaf679,2026-04-19 00:00:00,1
01e3d1c9-25f8-af6f-9f07-221ca9eaf679,2026-04-26 00:00:00,4
034a44d2-7805-0e84-b7d4-4dcb7f0f244d,2026-03-01 00:00:00,14
034a44d2-7805-0e84-b7d4-4dcb7f0f244d,2026-03-08 00:00:00,5
034a44d2-7805-0e84-b7d4-4dcb7f0f244d,2026-03-22 00:00:00,1
034a44d2-7805-0e84-b7d4-4dcb7f0f244d,2026-04-26 00:00:00,6
034a44d2-7805-0e84-b7d4-4dcb7f0f244d,2026-05-03 00:00:00,1
034a44d2-7805-0e84-b7d4-4dcb7f0f244d,2026-05-17 00:00:00,3
046d84d7-e990-f703-1ceb-9a11f30c3748,2026-02-01 00:00:00,4
046d84d7-e990-f703-1ceb-9a11f30c3748,2026-02-08 00:00:00,1
046d84d7-e990-f703-1ceb-9a11f30c3748,2026-02-15 00:00:00,1
046d84d7-e990-f703-1ceb-9a11f30c3748,2026-02-22 00:00:00,1
046d84d7-e990-f703-1ceb-9a11f30c3748,2026-03-15 00:00:00,1
046d84d7-e990-f703-1ceb-9a11f30c3748,2026-03-22 00:00:00,1
046d84d7-e990-f703-1ceb-9a11f30c3748,2026-03-29 00:00:00,1
046d84d7-e990-f703-1ceb-9a11f30c3748,2026-04-19 00:00:00,1
046d84d7-e990-f703-1ceb-9a11f30c3748,2026-04-26 00:00:00,2
0549e30b-2342-f996-5b50-07c8baec82d3,2026-02-08 00:00:00,1
0549e30b-2342-f996-5b50-07c8baec82d3,2026-03-01 00:00:00,2
0549e30b-2342-f996-5b50-07c8baec82d3,2026-03-08 00:00:00,1
0549e30b-2342-f996-5b50-07c8baec82d3,2026-03-29 00:00:00,1
0549e30b-2342-f996-5b50-07c8baec82d3,2026-04-05 00:00:00,1
06354c1e-12f8-b389-9b33-8ccbe7edeac2,2026-04-05 00:00:00,1
07af3cb3-3395-6f96-006c-0b70df2ddc0c,2026-05-10 00:00:00,4
07af3cb3-3395-6f96-006c-0b70df2ddc0c,2026-05-17 00:00:00,10
0c365306-a082-7a05-e57c-e197d23fca15,2026-02-08 00:00:00,3
0c365306-a082-7a05-e57c-e197d23fca15,2026-02-15 00:00:00,1
0c365306-a082-7a05-e57c-e197d23fca15,2026-02-22 00:00:00,1
0c365306-a082-7a05-e57c-e197d23fca15,2026-03-01 00:00:00,1
0c365306-a082-7a05-e57c-e197d23fca15,2026-03-08 00:00:00,1
0c365306-a082-7a05-e57c-e197d23fca15,2026-04-19 00:00:00,1
0c365306-a082-7a05-e57c-e197d23fca15,2026-04-26 00:00:00,2
0c365306-a082-7a05-e57c-e197d23fca15,2026-05-03 00:00:00,1
0c365306-a082-7a05-e57c-e197d23fca15,2026-05-10 00:00:00,1
0cc128b8-60e7-2d86-1000-8ed0ab803cc1,2026-02-22 00:00:00,1
0cc128b8-60e7-2d86-1000-8ed0ab803cc1,2026-03-01 00:00:00,1
0cc128b8-60e7-2d86-1000-8ed0ab803cc1,2026-03-15 00:00:00,1
0cc128b8-60e7-2d86-1000-8ed0ab803cc1,2026-03-22 00:00:00,1
0cc128b8-60e7-2d86-1000-8ed0ab803cc1,2026-03-29 00:00:00,1
0cc128b8-60e7-2d86-1000-8ed0ab803cc1,2026-04-19 00:00:00,2
0cc128b8-60e7-2d86-1000-8ed0ab803cc1,2026-04-26 00:00:00,2
0cc128b8-60e7-2d86-1000-8ed0ab803cc1,2026-05-03 00:00:00,1
0cc128b8-60e7-2d86-1000-8ed0ab803cc1,2026-05-17 00:00:00,1
0dc14cb5-e2f2-cbc4-91f2-96b755df680c,2026-04-12 00:00:00,1
111dce96-54e5-5092-d900-c94e7998adeb,2026-03-08 00:00:00,1
118296c7-d829-9f53-077b-1a1c1d0710fe,2026-03-01 00:00:00,4
14db9372-9d09-672a-85de-0d41d014d971,2026-03-15 00:00:00,1
14db9372-9d09-672a-85de-0d41d014d971,2026-03-29 00:00:00,4
14db9372-9d09-672a-85de-0d41d014d971,2026-04-05 00:00:00,1
14db9372-9d09-672a-85de-0d41d014d971,2026-04-12 00:00:00,1
14db9372-9d09-672a-85de-0d41d014d971,2026-04-26 00:00:00,3
14db9372-9d09-672a-85de-0d41d014d971,2026-05-10 00:00:00,1
1668842b-c681-5d4f-96da-204528f82c27,2026-02-15 00:00:00,1
1668842b-c681-5d4f-96da-204528f82c27,2026-03-01 00:00:00,2
1668842b-c681-5d4f-96da-204528f82c27,2026-03-08 00:00:00,1
1668842b-c681-5d4f-96da-204528f82c27,2026-03-15 00:00:00,1
1668842b-c681-5d4f-96da-204528f82c27,2026-04-05 00:00:00,1
169d23ee-46b6-6035-1181-5a8f971e97d7,2025-11-23 00:00:00,1
169d23ee-46b6-6035-1181-5a8f971e97d7,2025-11-30 00:00:00,1
169d23ee-46b6-6035-1181-5a8f971e97d7,2025-12-07 00:00:00,5
169d23ee-46b6-6035-1181-5a8f971e97d7,2025-12-14 00:00:00,1
169d23ee-46b6-6035-1181-5a8f971e97d7,2025-12-21 00:00:00,1
169d23ee-46b6-6035-1181-5a8f971e97d7,2026-01-04 00:00:00,1
169d23ee-46b6-6035-1181-5a8f971e97d7,2026-01-11 00:00:00,7
169d23ee-46b6-6035-1181-5a8f971e97d7,2026-01-18 00:00:00,8
169d23ee-46b6-6035-1181-5a8f971e97d7,2026-01-25 00:00:00,14
169d23ee-46b6-6035-1181-5a8f971e97d7,2026-02-01 00:00:00,11
169d23ee-46b6-6035-1181-5a8f971e97d7,2026-02-08 00:00:00,11
169d23ee-46b6-6035-1181-5a8f971e97d7,2026-02-15 00:00:00,5
169d23ee-46b6-6035-1181-5a8f971e97d7,2026-02-22 00:00:00,8
169d23ee-46b6-6035-1181-5a8f971e97d7,2026-03-01 00:00:00,8
169d23ee-46b6-6035-1181-5a8f971e97d7,2026-03-08 00:00:00,10
169d23ee-46b6-6035-1181-5a8f971e97d7,2026-03-15 00:00:00,5
169d23ee-46b6-6035-1181-5a8f971e97d7,2026-03-22 00:00:00,9
169d23ee-46b6-6035-1181-5a8f971e97d7,2026-03-29 00:00:00,6
169d23ee-46b6-6035-1181-5a8f971e97d7,2026-04-05 00:00:00,8
169d23ee-46b6-6035-1181-5a8f971e97d7,2026-04-12 00:00:00,3
169d23ee-46b6-6035-1181-5a8f971e97d7,2026-04-19 00:00:00,6
169d23ee-46b6-6035-1181-5a8f971e97d7,2026-04-26 00:00:00,19
169d23ee-46b6-6035-1181-5a8f971e97d7,2026-05-03 00:00:00,4
169d23ee-46b6-6035-1181-5a8f971e97d7,2026-05-10 00:00:00,2
169d23ee-46b6-6035-1181-5a8f971e97d7,2026-05-17 00:00:00,9
178f237e-9df0-495a-b229-c51cc9c1209f,2026-03-29 00:00:00,1
178f237e-9df0-495a-b229-c51cc9c1209f,2026-04-12 00:00:00,1
178f237e-9df0-495a-b229-c51cc9c1209f,2026-05-17 00:00:00,3
1ab3ddec-7259-fae5-056b-65fb99d65601,2026-02-22 00:00:00,1
1ab3ddec-7259-fae5-056b-65fb99d65601,2026-03-01 00:00:00,1
1ab3ddec-7259-fae5-056b-65fb99d65601,2026-03-08 00:00:00,1
1ab3ddec-7259-fae5-056b-65fb99d65601,2026-03-29 00:00:00,1
1b4583bb-fc76-a13e-39bc-9566a7c4280b,2026-04-26 00:00:00,4
1b4583bb-fc76-a13e-39bc-9566a7c4280b,2026-05-03 00:00:00,3
1b4583bb-fc76-a13e-39bc-9566a7c4280b,2026-05-10 00:00:00,1
1b4583bb-fc76-a13e-39bc-9566a7c4280b,2026-05-17 00:00:00,2
1b9df7bf-87a9-3017-5d98-6e6b9125eec8,2025-11-30 00:00:00,1
1b9df7bf-87a9-3017-5d98-6e6b9125eec8,2026-01-04 00:00:00,1
1b9df7bf-87a9-3017-5d98-6e6b9125eec8,2026-01-11 00:00:00,2
1b9df7bf-87a9-3017-5d98-6e6b9125eec8,2026-02-22 00:00:00,1
1b9df7bf-87a9-3017-5d98-6e6b9125eec8,2026-03-01 00:00:00,1
1b9df7bf-87a9-3017-5d98-6e6b9125eec8,2026-03-08 00:00:00,2
1b9df7bf-87a9-3017-5d98-6e6b9125eec8,2026-04-26 00:00:00,6
1b9df7bf-87a9-3017-5d98-6e6b9125eec8,2026-05-17 00:00:00,2
1d5cccb7-f901-dd18-62c1-a0a8cd6e9326,2025-12-21 00:00:00,1
1f5f3fb5-079a-62d2-43eb-45ebe2c2ddca,2026-03-22 00:00:00,1
1f5f3fb5-079a-62d2-43eb-45ebe2c2ddca,2026-05-10 00:00:00,1
1f5f3fb5-079a-62d2-43eb-45ebe2c2ddca,2026-05-17 00:00:00,2
215e54c9-cc06-6648-211a-ca2bca743629,2026-04-05 00:00:00,1
22c60af1-7353-6a92-4e50-18d2e056c738,2026-02-15 00:00:00,4
22c60af1-7353-6a92-4e50-18d2e056c738,2026-02-22 00:00:00,3
22c60af1-7353-6a92-4e50-18d2e056c738,2026-03-29 00:00:00,1
22c60af1-7353-6a92-4e50-18d2e056c738,2026-04-05 00:00:00,1
22c60af1-7353-6a92-4e50-18d2e056c738,2026-04-12 00:00:00,1
22c60af1-7353-6a92-4e50-18d2e056c738,2026-04-19 00:00:00,1
22c60af1-7353-6a92-4e50-18d2e056c738,2026-04-26 00:00:00,3
22c60af1-7353-6a92-4e50-18d2e056c738,2026-05-10 00:00:00,2
22c60af1-7353-6a92-4e50-18d2e056c738,2026-05-17 00:00:00,1
22ddf3cc-afc7-995c-35fb-f507fab00be0,2026-02-15 00:00:00,1
22ddf3cc-afc7-995c-35fb-f507fab00be0,2026-02-22 00:00:00,1
22ddf3cc-afc7-995c-35fb-f507fab00be0,2026-04-12 00:00:00,4
22ddf3cc-afc7-995c-35fb-f507fab00be0,2026-04-19 00:00:00,1
22ddf3cc-afc7-995c-35fb-f507fab00be0,2026-05-17 00:00:00,2
23fd8312-38e1-d7b8-50c7-0237873eb3c5,2026-03-01 00:00:00,2
23fd8312-38e1-d7b8-50c7-0237873eb3c5,2026-03-08 00:00:00,2
23fd8312-38e1-d7b8-50c7-0237873eb3c5,2026-04-26 00:00:00,1
23fd8312-38e1-d7b8-50c7-0237873eb3c5,2026-05-17 00:00:00,1
24ae3621-8f12-e489-73f5-db224d1242d3,2026-05-03 00:00:00,1
24ae3621-8f12-e489-73f5-db224d1242d3,2026-05-10 00:00:00,1
24ae3621-8f12-e489-73f5-db224d1242d3,2026-05-17 00:00:00,2
24e9c651-bcda-9de2-12b7-3c8c14f58c28,2026-01-18 00:00:00,1
24e9c651-bcda-9de2-12b7-3c8c14f58c28,2026-02-15 00:00:00,1
24e9c651-bcda-9de2-12b7-3c8c14f58c28,2026-03-22 00:00:00,2
2697718a-42c6-f250-aa5e-f0f8952c062b,2025-11-23 00:00:00,21
2697718a-42c6-f250-aa5e-f0f8952c062b,2025-11-30 00:00:00,14
2697718a-42c6-f250-aa5e-f0f8952c062b,2025-12-07 00:00:00,14
2697718a-42c6-f250-aa5e-f0f8952c062b,2025-12-14 00:00:00,16
2697718a-42c6-f250-aa5e-f0f8952c062b,2025-12-21 00:00:00,17
2697718a-42c6-f250-aa5e-f0f8952c062b,2025-12-28 00:00:00,9
2697718a-42c6-f250-aa5e-f0f8952c062b,2026-01-04 00:00:00,19
2697718a-42c6-f250-aa5e-f0f8952c062b,2026-01-11 00:00:00,12
2697718a-42c6-f250-aa5e-f0f8952c062b,2026-01-18 00:00:00,7
2697718a-42c6-f250-aa5e-f0f8952c062b,2026-01-25 00:00:00,9
2697718a-42c6-f250-aa5e-f0f8952c062b,2026-02-01 00:00:00,12
2697718a-42c6-f250-aa5e-f0f8952c062b,2026-02-08 00:00:00,13
2697718a-42c6-f250-aa5e-f0f8952c062b,2026-02-15 00:00:00,6
2697718a-42c6-f250-aa5e-f0f8952c062b,2026-02-22 00:00:00,13
2697718a-42c6-f250-aa5e-f0f8952c062b,2026-03-01 00:00:00,4
2697718a-42c6-f250-aa5e-f0f8952c062b,2026-03-08 00:00:00,5
27e807a7-26de-f724-f67b-accc6e390973,2025-11-23 00:00:00,11
27e807a7-26de-f724-f67b-accc6e390973,2025-11-30 00:00:00,1
27e807a7-26de-f724-f67b-accc6e390973,2025-12-07 00:00:00,1
27e807a7-26de-f724-f67b-accc6e390973,2025-12-14 00:00:00,4
27e807a7-26de-f724-f67b-accc6e390973,2025-12-21 00:00:00,2
27e807a7-26de-f724-f67b-accc6e390973,2025-12-28 00:00:00,2
27e807a7-26de-f724-f67b-accc6e390973,2026-01-04 00:00:00,3
27e807a7-26de-f724-f67b-accc6e390973,2026-01-11 00:00:00,8
27e807a7-26de-f724-f67b-accc6e390973,2026-01-18 00:00:00,7
27e807a7-26de-f724-f67b-accc6e390973,2026-01-25 00:00:00,1
27e807a7-26de-f724-f67b-accc6e390973,2026-02-01 00:00:00,1
27e807a7-26de-f724-f67b-accc6e390973,2026-02-08 00:00:00,3
27e807a7-26de-f724-f67b-accc6e390973,2026-02-15 00:00:00,2
27e807a7-26de-f724-f67b-accc6e390973,2026-02-22 00:00:00,1
27e807a7-26de-f724-f67b-accc6e390973,2026-03-08 00:00:00,1
28d0f530-f8e8-e3d5-fe3e-a8e5d7471cf4,2026-05-03 00:00:00,5
28d0f530-f8e8-e3d5-fe3e-a8e5d7471cf4,2026-05-10 00:00:00,1
28d0f530-f8e8-e3d5-fe3e-a8e5d7471cf4,2026-05-17 00:00:00,1
2920b541-6b76-4319-bbc4-a54dbd45e9da,2026-03-01 00:00:00,1
2929a93f-620c-28cb-ae46-000cd21b67ac,2026-02-15 00:00:00,2
2a86ae82-15b5-ddea-d76d-89c990609847,2026-03-01 00:00:00,2
2a9fde94-72be-748c-19fb-7a3921f3fbcb,2026-04-05 00:00:00,1
2aab30a8-56b8-f8d8-70c3-e833d143bc37,2026-02-01 00:00:00,2
2aab30a8-56b8-f8d8-70c3-e833d143bc37,2026-03-15 00:00:00,1
2aab30a8-56b8-f8d8-70c3-e833d143bc37,2026-05-17 00:00:00,1
2ad6c899-c22b-8477-5480-cba533a9b97a,2026-03-01 00:00:00,3
2ad6c899-c22b-8477-5480-cba533a9b97a,2026-03-08 00:00:00,3
2ad6c899-c22b-8477-5480-cba533a9b97a,2026-03-15 00:00:00,2
2ad6c899-c22b-8477-5480-cba533a9b97a,2026-03-22 00:00:00,1
2ad6c899-c22b-8477-5480-cba533a9b97a,2026-03-29 00:00:00,2
2ad6c899-c22b-8477-5480-cba533a9b97a,2026-04-05 00:00:00,7
2ad6c899-c22b-8477-5480-cba533a9b97a,2026-04-12 00:00:00,4
2ad6c899-c22b-8477-5480-cba533a9b97a,2026-04-19 00:00:00,5
2ad6c899-c22b-8477-5480-cba533a9b97a,2026-04-26 00:00:00,5
2ad6c899-c22b-8477-5480-cba533a9b97a,2026-05-03 00:00:00,1
2ad6c899-c22b-8477-5480-cba533a9b97a,2026-05-10 00:00:00,2
2ad6c899-c22b-8477-5480-cba533a9b97a,2026-05-17 00:00:00,6
2d3f99d9-0c14-2f99-b038-ff7834083bd7,2026-02-01 00:00:00,1
2f67bdae-38ba-1f32-d062-b0400fae7f5f,2025-11-23 00:00:00,1
308b83d4-b963-0f10-c220-dacf9cd5f2ad,2026-03-22 00:00:00,3
32f583f9-f6d8-c9f0-486d-cf7e37e290a3,2025-11-30 00:00:00,1
33478e12-67f9-9c2c-7465-d156f591c137,2026-05-03 00:00:00,2
33478e12-67f9-9c2c-7465-d156f591c137,2026-05-17 00:00:00,1
343157b6-56bb-b51b-9809-7dfc3ec5bef1,2026-05-03 00:00:00,4
343157b6-56bb-b51b-9809-7dfc3ec5bef1,2026-05-10 00:00:00,1
343157b6-56bb-b51b-9809-7dfc3ec5bef1,2026-05-17 00:00:00,5
3700af0b-5279-d5ef-2aca-92c5c507e85c,2025-11-30 00:00:00,1
3700af0b-5279-d5ef-2aca-92c5c507e85c,2026-03-29 00:00:00,3
3700af0b-5279-d5ef-2aca-92c5c507e85c,2026-04-26 00:00:00,1
3700af0b-5279-d5ef-2aca-92c5c507e85c,2026-05-10 00:00:00,1
3700af0b-5279-d5ef-2aca-92c5c507e85c,2026-05-17 00:00:00,1
3a56460b-84a9-d33e-7c45-c9c85440b43d,2025-11-23 00:00:00,1
3a56460b-84a9-d33e-7c45-c9c85440b43d,2025-12-07 00:00:00,1
3a56460b-84a9-d33e-7c45-c9c85440b43d,2026-02-08 00:00:00,1
3a56460b-84a9-d33e-7c45-c9c85440b43d,2026-02-22 00:00:00,1
3a56460b-84a9-d33e-7c45-c9c85440b43d,2026-03-08 00:00:00,1
3a56460b-84a9-d33e-7c45-c9c85440b43d,2026-04-12 00:00:00,1
3a56460b-84a9-d33e-7c45-c9c85440b43d,2026-05-03 00:00:00,1
3baf12a4-9501-a528-b314-c920811a3df0,2025-11-30 00:00:00,6
3baf12a4-9501-a528-b314-c920811a3df0,2025-12-07 00:00:00,3
3baf12a4-9501-a528-b314-c920811a3df0,2025-12-14 00:00:00,2
3baf12a4-9501-a528-b314-c920811a3df0,2026-01-18 00:00:00,1
3baf12a4-9501-a528-b314-c920811a3df0,2026-01-25 00:00:00,2
3baf12a4-9501-a528-b314-c920811a3df0,2026-02-01 00:00:00,5
3baf12a4-9501-a528-b314-c920811a3df0,2026-02-08 00:00:00,1
3baf12a4-9501-a528-b314-c920811a3df0,2026-02-15 00:00:00,3
3baf12a4-9501-a528-b314-c920811a3df0,2026-02-22 00:00:00,3
3baf12a4-9501-a528-b314-c920811a3df0,2026-03-01 00:00:00,3
3baf12a4-9501-a528-b314-c920811a3df0,2026-03-22 00:00:00,1
3baf12a4-9501-a528-b314-c920811a3df0,2026-04-12 00:00:00,1
3bfaf06f-d2a8-91a6-cf67-5e6a7e82b277,2025-11-30 00:00:00,1
3bfaf06f-d2a8-91a6-cf67-5e6a7e82b277,2026-01-11 00:00:00,3
3bfaf06f-d2a8-91a6-cf67-5e6a7e82b277,2026-02-08 00:00:00,1
3bfaf06f-d2a8-91a6-cf67-5e6a7e82b277,2026-03-01 00:00:00,1
3bfaf06f-d2a8-91a6-cf67-5e6a7e82b277,2026-04-26 00:00:00,6
3bfaf06f-d2a8-91a6-cf67-5e6a7e82b277,2026-05-17 00:00:00,2
3c865379-30cb-9d34-5eac-a4862310bce4,2026-01-11 00:00:00,1
3c865379-30cb-9d34-5eac-a4862310bce4,2026-01-18 00:00:00,1
3c865379-30cb-9d34-5eac-a4862310bce4,2026-01-25 00:00:00,1
3dea74d6-6253-e63b-6a41-e1eba6cb4cda,2026-03-15 00:00:00,5
3dea74d6-6253-e63b-6a41-e1eba6cb4cda,2026-04-05 00:00:00,1
3dea74d6-6253-e63b-6a41-e1eba6cb4cda,2026-05-03 00:00:00,1
3df4e0f1-704f-5af7-e497-40652c5ca068,2026-02-22 00:00:00,2
3df4e0f1-704f-5af7-e497-40652c5ca068,2026-03-01 00:00:00,3
3df4e0f1-704f-5af7-e497-40652c5ca068,2026-04-26 00:00:00,1
3e51e456-f420-c291-9ea0-2b09a1b4c492,2025-11-23 00:00:00,1
3e51e456-f420-c291-9ea0-2b09a1b4c492,2026-02-15 00:00:00,5
3e51e456-f420-c291-9ea0-2b09a1b4c492,2026-02-22 00:00:00,2
3e51e456-f420-c291-9ea0-2b09a1b4c492,2026-04-26 00:00:00,1
3e51e456-f420-c291-9ea0-2b09a1b4c492,2026-05-03 00:00:00,1
3f0a5559-0596-3fe5-aa0f-59899cb9169f,2026-03-01 00:00:00,2
3f0a5559-0596-3fe5-aa0f-59899cb9169f,2026-03-29 00:00:00,1
3f0a5559-0596-3fe5-aa0f-59899cb9169f,2026-04-12 00:00:00,2
3f0a5559-0596-3fe5-aa0f-59899cb9169f,2026-05-17 00:00:00,3
3f198862-4830-122b-d82d-395a3a1b4eda,2026-03-15 00:00:00,2
3f198862-4830-122b-d82d-395a3a1b4eda,2026-04-12 00:00:00,1
3f198862-4830-122b-d82d-395a3a1b4eda,2026-05-03 00:00:00,6
3f198862-4830-122b-d82d-395a3a1b4eda,2026-05-10 00:00:00,1
3f198862-4830-122b-d82d-395a3a1b4eda,2026-05-17 00:00:00,1
4111a6f3-4795-faaa-a909-d41f12b3b59d,2025-11-23 00:00:00,2
4111a6f3-4795-faaa-a909-d41f12b3b59d,2025-11-30 00:00:00,1
4111a6f3-4795-faaa-a909-d41f12b3b59d,2025-12-07 00:00:00,1
4111a6f3-4795-faaa-a909-d41f12b3b59d,2025-12-14 00:00:00,1
4111a6f3-4795-faaa-a909-d41f12b3b59d,2026-01-11 00:00:00,1
4111a6f3-4795-faaa-a909-d41f12b3b59d,2026-02-01 00:00:00,1
4111a6f3-4795-faaa-a909-d41f12b3b59d,2026-02-08 00:00:00,1
432b3a6d-168a-a766-89d8-ef47a9c99084,2026-03-01 00:00:00,2
432b3a6d-168a-a766-89d8-ef47a9c99084,2026-03-08 00:00:00,2
432b3a6d-168a-a766-89d8-ef47a9c99084,2026-03-22 00:00:00,1
432b3a6d-168a-a766-89d8-ef47a9c99084,2026-03-29 00:00:00,2
432b3a6d-168a-a766-89d8-ef47a9c99084,2026-04-05 00:00:00,1
43323443-ae06-e4af-9452-d10113768b8c,2026-04-05 00:00:00,1
4458838b-ab24-351e-3f09-56524168fdd1,2026-01-11 00:00:00,1
4458838b-ab24-351e-3f09-56524168fdd1,2026-01-18 00:00:00,24
4458838b-ab24-351e-3f09-56524168fdd1,2026-01-25 00:00:00,62
4458838b-ab24-351e-3f09-56524168fdd1,2026-02-01 00:00:00,42
4458838b-ab24-351e-3f09-56524168fdd1,2026-02-08 00:00:00,52
4458838b-ab24-351e-3f09-56524168fdd1,2026-02-15 00:00:00,42
4458838b-ab24-351e-3f09-56524168fdd1,2026-02-22 00:00:00,33
4458838b-ab24-351e-3f09-56524168fdd1,2026-03-01 00:00:00,22
4458838b-ab24-351e-3f09-56524168fdd1,2026-03-08 00:00:00,13
4458838b-ab24-351e-3f09-56524168fdd1,2026-03-15 00:00:00,22
4458838b-ab24-351e-3f09-56524168fdd1,2026-03-22 00:00:00,24
4458838b-ab24-351e-3f09-56524168fdd1,2026-03-29 00:00:00,22
4458838b-ab24-351e-3f09-56524168fdd1,2026-04-05 00:00:00,18
4458838b-ab24-351e-3f09-56524168fdd1,2026-04-12 00:00:00,24
4458838b-ab24-351e-3f09-56524168fdd1,2026-04-19 00:00:00,28
4458838b-ab24-351e-3f09-56524168fdd1,2026-04-26 00:00:00,72
4458838b-ab24-351e-3f09-56524168fdd1,2026-05-03 00:00:00,33
4458838b-ab24-351e-3f09-56524168fdd1,2026-05-10 00:00:00,22
4458838b-ab24-351e-3f09-56524168fdd1,2026-05-17 00:00:00,64
48e2700a-e001-847c-88f2-a2f32ed56e64,2026-02-15 00:00:00,1
48e2700a-e001-847c-88f2-a2f32ed56e64,2026-02-22 00:00:00,1
48e2700a-e001-847c-88f2-a2f32ed56e64,2026-03-01 00:00:00,1
48e2700a-e001-847c-88f2-a2f32ed56e64,2026-03-15 00:00:00,1
48e2700a-e001-847c-88f2-a2f32ed56e64,2026-05-03 00:00:00,1
49d66e77-4b62-47f6-59da-e8a5f77ceb62,2026-04-05 00:00:00,1
49d66e77-4b62-47f6-59da-e8a5f77ceb62,2026-04-12 00:00:00,1
49d66e77-4b62-47f6-59da-e8a5f77ceb62,2026-04-19 00:00:00,1
49d66e77-4b62-47f6-59da-e8a5f77ceb62,2026-04-26 00:00:00,1
4b72fa70-506f-feb1-ddd6-fbbe3f261865,2026-03-29 00:00:00,2
4b72fa70-506f-feb1-ddd6-fbbe3f261865,2026-04-05 00:00:00,4
4b72fa70-506f-feb1-ddd6-fbbe3f261865,2026-04-12 00:00:00,2
4b72fa70-506f-feb1-ddd6-fbbe3f261865,2026-05-17 00:00:00,2
4c2b043e-16ab-cca4-9170-4ea3b43d41c4,2026-03-01 00:00:00,1
4c2b043e-16ab-cca4-9170-4ea3b43d41c4,2026-05-17 00:00:00,1
50285ca2-6592-9701-2f9e-9cbbb26700ae,2025-11-23 00:00:00,3
50285ca2-6592-9701-2f9e-9cbbb26700ae,2025-11-30 00:00:00,2
50285ca2-6592-9701-2f9e-9cbbb26700ae,2026-02-08 00:00:00,3
50285ca2-6592-9701-2f9e-9cbbb26700ae,2026-02-15 00:00:00,2
50285ca2-6592-9701-2f9e-9cbbb26700ae,2026-02-22 00:00:00,2
50285ca2-6592-9701-2f9e-9cbbb26700ae,2026-03-01 00:00:00,2
50285ca2-6592-9701-2f9e-9cbbb26700ae,2026-03-08 00:00:00,3
50285ca2-6592-9701-2f9e-9cbbb26700ae,2026-03-15 00:00:00,4
50285ca2-6592-9701-2f9e-9cbbb26700ae,2026-03-22 00:00:00,2
50285ca2-6592-9701-2f9e-9cbbb26700ae,2026-03-29 00:00:00,1
50285ca2-6592-9701-2f9e-9cbbb26700ae,2026-04-05 00:00:00,2
50285ca2-6592-9701-2f9e-9cbbb26700ae,2026-04-19 00:00:00,2
50285ca2-6592-9701-2f9e-9cbbb26700ae,2026-04-26 00:00:00,1
50f916f3-2f84-4e0b-8468-8b8e8f506bc0,2026-01-11 00:00:00,3
50f916f3-2f84-4e0b-8468-8b8e8f506bc0,2026-02-22 00:00:00,2
50f916f3-2f84-4e0b-8468-8b8e8f506bc0,2026-03-01 00:00:00,1
5258db13-d15e-2df2-212d-24193af3e914,2026-03-15 00:00:00,2
5258db13-d15e-2df2-212d-24193af3e914,2026-03-22 00:00:00,4
5258db13-d15e-2df2-212d-24193af3e914,2026-04-05 00:00:00,5
5258db13-d15e-2df2-212d-24193af3e914,2026-04-12 00:00:00,10
5258db13-d15e-2df2-212d-24193af3e914,2026-04-19 00:00:00,8
5258db13-d15e-2df2-212d-24193af3e914,2026-04-26 00:00:00,4
5258db13-d15e-2df2-212d-24193af3e914,2026-05-03 00:00:00,2
5258db13-d15e-2df2-212d-24193af3e914,2026-05-10 00:00:00,3
5258db13-d15e-2df2-212d-24193af3e914,2026-05-17 00:00:00,5
53c7f1c6-a8e7-5cfb-6d23-34f30849e2b2,2025-11-23 00:00:00,1
53c7f1c6-a8e7-5cfb-6d23-34f30849e2b2,2025-11-30 00:00:00,3
53c7f1c6-a8e7-5cfb-6d23-34f30849e2b2,2026-01-11 00:00:00,3
53c7f1c6-a8e7-5cfb-6d23-34f30849e2b2,2026-01-18 00:00:00,1
53c7f1c6-a8e7-5cfb-6d23-34f30849e2b2,2026-01-25 00:00:00,3
53c7f1c6-a8e7-5cfb-6d23-34f30849e2b2,2026-03-15 00:00:00,2
5552737a-8fac-ec4c-5390-c6dcaedffc62,2025-12-07 00:00:00,2
5552737a-8fac-ec4c-5390-c6dcaedffc62,2025-12-14 00:00:00,1
5552737a-8fac-ec4c-5390-c6dcaedffc62,2025-12-21 00:00:00,1
5552737a-8fac-ec4c-5390-c6dcaedffc62,2026-01-04 00:00:00,3
5552737a-8fac-ec4c-5390-c6dcaedffc62,2026-01-11 00:00:00,1
5552737a-8fac-ec4c-5390-c6dcaedffc62,2026-02-08 00:00:00,1
5552737a-8fac-ec4c-5390-c6dcaedffc62,2026-02-15 00:00:00,3
5552737a-8fac-ec4c-5390-c6dcaedffc62,2026-04-05 00:00:00,1
5552737a-8fac-ec4c-5390-c6dcaedffc62,2026-04-19 00:00:00,2
5552737a-8fac-ec4c-5390-c6dcaedffc62,2026-05-03 00:00:00,1
55bcfaf7-381a-ce6c-8b3b-20159ec4d94c,2026-04-05 00:00:00,1
55bcfaf7-381a-ce6c-8b3b-20159ec4d94c,2026-04-12 00:00:00,1
55bcfaf7-381a-ce6c-8b3b-20159ec4d94c,2026-05-17 00:00:00,1
563e63dc-d682-d680-9bf9-49aca314274b,2026-05-17 00:00:00,1
563f71c5-1148-b938-3c8e-ce179379137d,2026-02-15 00:00:00,5
563f71c5-1148-b938-3c8e-ce179379137d,2026-02-22 00:00:00,1
563f71c5-1148-b938-3c8e-ce179379137d,2026-04-05 00:00:00,1
563f71c5-1148-b938-3c8e-ce179379137d,2026-04-19 00:00:00,1
563f71c5-1148-b938-3c8e-ce179379137d,2026-04-26 00:00:00,3
563f71c5-1148-b938-3c8e-ce179379137d,2026-05-10 00:00:00,1
563f71c5-1148-b938-3c8e-ce179379137d,2026-05-17 00:00:00,2
59009651-a5e1-cf24-e54d-53a39c82cd5d,2026-03-01 00:00:00,2
59009651-a5e1-cf24-e54d-53a39c82cd5d,2026-03-08 00:00:00,1
59009651-a5e1-cf24-e54d-53a39c82cd5d,2026-04-12 00:00:00,1
59009651-a5e1-cf24-e54d-53a39c82cd5d,2026-05-17 00:00:00,2
595f2dec-43f2-432c-0166-43583b0cd638,2025-12-14 00:00:00,1
595f2dec-43f2-432c-0166-43583b0cd638,2026-01-11 00:00:00,1
5c9da47b-7582-4247-b70c-b522a68412f3,2026-01-04 00:00:00,1
5c9da47b-7582-4247-b70c-b522a68412f3,2026-02-01 00:00:00,1
5c9da47b-7582-4247-b70c-b522a68412f3,2026-02-22 00:00:00,4
5c9da47b-7582-4247-b70c-b522a68412f3,2026-03-01 00:00:00,5
5cd1588b-b6ac-c38f-cc0b-b963910d377b,2026-03-01 00:00:00,6
5cd1588b-b6ac-c38f-cc0b-b963910d377b,2026-03-08 00:00:00,1
5cd1588b-b6ac-c38f-cc0b-b963910d377b,2026-03-22 00:00:00,1
5cd1588b-b6ac-c38f-cc0b-b963910d377b,2026-03-29 00:00:00,1
5cd1588b-b6ac-c38f-cc0b-b963910d377b,2026-04-26 00:00:00,3
5cd1588b-b6ac-c38f-cc0b-b963910d377b,2026-05-17 00:00:00,2
5d219438-2d67-fe69-b834-7a0bda67d91f,2026-04-05 00:00:00,1
5e6e2926-6798-bb2d-e2af-43a71af2b580,2026-02-22 00:00:00,1
5e6e2926-6798-bb2d-e2af-43a71af2b580,2026-03-01 00:00:00,1
5e6e2926-6798-bb2d-e2af-43a71af2b580,2026-03-08 00:00:00,3
5e6e2926-6798-bb2d-e2af-43a71af2b580,2026-04-26 00:00:00,1
5e6e2926-6798-bb2d-e2af-43a71af2b580,2026-05-17 00:00:00,3
5e88ef75-87c3-3586-1c2b-456cbfa860ef,2026-03-01 00:00:00,2
5e88ef75-87c3-3586-1c2b-456cbfa860ef,2026-03-08 00:00:00,1
5e88ef75-87c3-3586-1c2b-456cbfa860ef,2026-04-12 00:00:00,1
5e88ef75-87c3-3586-1c2b-456cbfa860ef,2026-04-26 00:00:00,1
5ef3907a-f437-47a5-a930-652e6ba60c02,2026-02-22 00:00:00,3
5ef3907a-f437-47a5-a930-652e6ba60c02,2026-03-01 00:00:00,1
610a1003-e9e3-4885-7db3-022c19733bfa,2025-11-30 00:00:00,2
623ba53d-e9ff-887b-2cce-47bdc661a1b7,2025-12-07 00:00:00,4
623ba53d-e9ff-887b-2cce-47bdc661a1b7,2025-12-14 00:00:00,2
623ba53d-e9ff-887b-2cce-47bdc661a1b7,2025-12-28 00:00:00,1
62e5a031-75b4-95e5-777f-b83ba05d395d,2026-04-05 00:00:00,2
630af2ca-f154-7cc9-2f4a-2b77f7e7876a,2026-03-29 00:00:00,3
630af2ca-f154-7cc9-2f4a-2b77f7e7876a,2026-04-05 00:00:00,2
630af2ca-f154-7cc9-2f4a-2b77f7e7876a,2026-04-19 00:00:00,8
630af2ca-f154-7cc9-2f4a-2b77f7e7876a,2026-04-26 00:00:00,3
630af2ca-f154-7cc9-2f4a-2b77f7e7876a,2026-05-03 00:00:00,2
630af2ca-f154-7cc9-2f4a-2b77f7e7876a,2026-05-10 00:00:00,4
630af2ca-f154-7cc9-2f4a-2b77f7e7876a,2026-05-17 00:00:00,9
65ade57c-ab2d-f32c-6d04-ca4362bcd111,2026-02-15 00:00:00,6
65ade57c-ab2d-f32c-6d04-ca4362bcd111,2026-02-22 00:00:00,65
65ade57c-ab2d-f32c-6d04-ca4362bcd111,2026-03-01 00:00:00,20
65ade57c-ab2d-f32c-6d04-ca4362bcd111,2026-03-08 00:00:00,13
65ade57c-ab2d-f32c-6d04-ca4362bcd111,2026-03-15 00:00:00,8
65ade57c-ab2d-f32c-6d04-ca4362bcd111,2026-03-22 00:00:00,12
65ade57c-ab2d-f32c-6d04-ca4362bcd111,2026-03-29 00:00:00,11
65ade57c-ab2d-f32c-6d04-ca4362bcd111,2026-04-05 00:00:00,18
65ade57c-ab2d-f32c-6d04-ca4362bcd111,2026-04-12 00:00:00,7
65ade57c-ab2d-f32c-6d04-ca4362bcd111,2026-04-19 00:00:00,7
65ade57c-ab2d-f32c-6d04-ca4362bcd111,2026-04-26 00:00:00,7
65ade57c-ab2d-f32c-6d04-ca4362bcd111,2026-05-03 00:00:00,11
65ade57c-ab2d-f32c-6d04-ca4362bcd111,2026-05-10 00:00:00,7
65ade57c-ab2d-f32c-6d04-ca4362bcd111,2026-05-17 00:00:00,9
65bbdc79-666e-a342-3d21-79b2268a6540,2026-04-05 00:00:00,1
65bbdc79-666e-a342-3d21-79b2268a6540,2026-04-12 00:00:00,1
65bbdc79-666e-a342-3d21-79b2268a6540,2026-04-26 00:00:00,1
65f50475-4310-c061-588a-0013c4281df5,2025-11-23 00:00:00,13
65f50475-4310-c061-588a-0013c4281df5,2025-11-30 00:00:00,19
65f50475-4310-c061-588a-0013c4281df5,2025-12-07 00:00:00,18
65f50475-4310-c061-588a-0013c4281df5,2025-12-14 00:00:00,17
65f50475-4310-c061-588a-0013c4281df5,2025-12-21 00:00:00,5
65f50475-4310-c061-588a-0013c4281df5,2025-12-28 00:00:00,3
65f50475-4310-c061-588a-0013c4281df5,2026-01-04 00:00:00,18
65f50475-4310-c061-588a-0013c4281df5,2026-01-11 00:00:00,26
65f50475-4310-c061-588a-0013c4281df5,2026-01-18 00:00:00,16
65f50475-4310-c061-588a-0013c4281df5,2026-01-25 00:00:00,17
65f50475-4310-c061-588a-0013c4281df5,2026-02-01 00:00:00,26
65f50475-4310-c061-588a-0013c4281df5,2026-02-08 00:00:00,18
65f50475-4310-c061-588a-0013c4281df5,2026-02-15 00:00:00,18
65f50475-4310-c061-588a-0013c4281df5,2026-02-22 00:00:00,14
65f50475-4310-c061-588a-0013c4281df5,2026-03-01 00:00:00,16
65f50475-4310-c061-588a-0013c4281df5,2026-03-08 00:00:00,16
65f50475-4310-c061-588a-0013c4281df5,2026-03-15 00:00:00,10
65f50475-4310-c061-588a-0013c4281df5,2026-03-22 00:00:00,9
65f50475-4310-c061-588a-0013c4281df5,2026-03-29 00:00:00,10
65f50475-4310-c061-588a-0013c4281df5,2026-04-05 00:00:00,6
65f50475-4310-c061-588a-0013c4281df5,2026-04-12 00:00:00,12
65f50475-4310-c061-588a-0013c4281df5,2026-04-19 00:00:00,36
65f50475-4310-c061-588a-0013c4281df5,2026-04-26 00:00:00,298
65f50475-4310-c061-588a-0013c4281df5,2026-05-03 00:00:00,55
65f50475-4310-c061-588a-0013c4281df5,2026-05-10 00:00:00,10
65f50475-4310-c061-588a-0013c4281df5,2026-05-17 00:00:00,279
66302426-8710-46d1-a660-2947e9752ee5,2026-03-01 00:00:00,1
66a8e0a3-0107-05c0-255b-694508dc133f,2026-02-08 00:00:00,2
66a8e0a3-0107-05c0-255b-694508dc133f,2026-02-15 00:00:00,11
66a8e0a3-0107-05c0-255b-694508dc133f,2026-02-22 00:00:00,8
66a8e0a3-0107-05c0-255b-694508dc133f,2026-03-01 00:00:00,2
66a8e0a3-0107-05c0-255b-694508dc133f,2026-03-22 00:00:00,1
66a8e0a3-0107-05c0-255b-694508dc133f,2026-03-29 00:00:00,2
66a8e0a3-0107-05c0-255b-694508dc133f,2026-04-05 00:00:00,4
66a8e0a3-0107-05c0-255b-694508dc133f,2026-04-12 00:00:00,1
66a8e0a3-0107-05c0-255b-694508dc133f,2026-04-19 00:00:00,1
66a8e0a3-0107-05c0-255b-694508dc133f,2026-05-03 00:00:00,2
66a8e0a3-0107-05c0-255b-694508dc133f,2026-05-10 00:00:00,10
66a8e0a3-0107-05c0-255b-694508dc133f,2026-05-17 00:00:00,5
6723a374-88f7-5e70-5809-912152497553,2026-01-18 00:00:00,1
69908474-6ea0-cc64-1b35-c678b222244c,2026-04-05 00:00:00,2
69908474-6ea0-cc64-1b35-c678b222244c,2026-04-12 00:00:00,1
69908474-6ea0-cc64-1b35-c678b222244c,2026-05-03 00:00:00,1
69908474-6ea0-cc64-1b35-c678b222244c,2026-05-17 00:00:00,1
69c91989-66df-e4d7-a181-5b0383485a53,2026-04-12 00:00:00,5
69c91989-66df-e4d7-a181-5b0383485a53,2026-04-26 00:00:00,2
6a188ce7-e80b-0f71-b134-b83fa0ce9f15,2026-03-29 00:00:00,2
6a73efc8-e601-b320-0180-911509016eb6,2026-04-12 00:00:00,1
6e658adc-fd2c-5e2d-4c87-36c2c1cb51c4,2025-11-23 00:00:00,1
6e658adc-fd2c-5e2d-4c87-36c2c1cb51c4,2025-11-30 00:00:00,1
6e658adc-fd2c-5e2d-4c87-36c2c1cb51c4,2025-12-07 00:00:00,1
6e658adc-fd2c-5e2d-4c87-36c2c1cb51c4,2025-12-14 00:00:00,1
6e658adc-fd2c-5e2d-4c87-36c2c1cb51c4,2026-01-04 00:00:00,1
6e658adc-fd2c-5e2d-4c87-36c2c1cb51c4,2026-01-18 00:00:00,1
6e658adc-fd2c-5e2d-4c87-36c2c1cb51c4,2026-02-08 00:00:00,1
6e658adc-fd2c-5e2d-4c87-36c2c1cb51c4,2026-02-15 00:00:00,2
6e658adc-fd2c-5e2d-4c87-36c2c1cb51c4,2026-02-22 00:00:00,1
6e658adc-fd2c-5e2d-4c87-36c2c1cb51c4,2026-03-01 00:00:00,1
6e658adc-fd2c-5e2d-4c87-36c2c1cb51c4,2026-03-08 00:00:00,1
6e658adc-fd2c-5e2d-4c87-36c2c1cb51c4,2026-03-22 00:00:00,3
6e658adc-fd2c-5e2d-4c87-36c2c1cb51c4,2026-03-29 00:00:00,1
6e658adc-fd2c-5e2d-4c87-36c2c1cb51c4,2026-04-05 00:00:00,1
6e658adc-fd2c-5e2d-4c87-36c2c1cb51c4,2026-04-26 00:00:00,2
6e9a34df-277e-6c85-b9c2-a6d2157d7157,2026-03-01 00:00:00,3
6e9a34df-277e-6c85-b9c2-a6d2157d7157,2026-03-08 00:00:00,1
6e9a34df-277e-6c85-b9c2-a6d2157d7157,2026-04-19 00:00:00,1
6e9a34df-277e-6c85-b9c2-a6d2157d7157,2026-04-26 00:00:00,1
6f839a22-bcfd-8a3b-2e70-951c6674d89c,2026-01-04 00:00:00,6
6f839a22-bcfd-8a3b-2e70-951c6674d89c,2026-01-11 00:00:00,9
6f839a22-bcfd-8a3b-2e70-951c6674d89c,2026-01-18 00:00:00,3
6f839a22-bcfd-8a3b-2e70-951c6674d89c,2026-01-25 00:00:00,8
6f839a22-bcfd-8a3b-2e70-951c6674d89c,2026-02-01 00:00:00,1
6f839a22-bcfd-8a3b-2e70-951c6674d89c,2026-02-08 00:00:00,3
6f839a22-bcfd-8a3b-2e70-951c6674d89c,2026-02-15 00:00:00,4
6f839a22-bcfd-8a3b-2e70-951c6674d89c,2026-03-01 00:00:00,3
6f839a22-bcfd-8a3b-2e70-951c6674d89c,2026-03-08 00:00:00,2
6f839a22-bcfd-8a3b-2e70-951c6674d89c,2026-03-15 00:00:00,2
6f839a22-bcfd-8a3b-2e70-951c6674d89c,2026-04-05 00:00:00,1
6f839a22-bcfd-8a3b-2e70-951c6674d89c,2026-04-12 00:00:00,1
6f839a22-bcfd-8a3b-2e70-951c6674d89c,2026-04-19 00:00:00,2
6f839a22-bcfd-8a3b-2e70-951c6674d89c,2026-04-26 00:00:00,7
6f839a22-bcfd-8a3b-2e70-951c6674d89c,2026-05-03 00:00:00,1
6f839a22-bcfd-8a3b-2e70-951c6674d89c,2026-05-10 00:00:00,1
6f839a22-bcfd-8a3b-2e70-951c6674d89c,2026-05-17 00:00:00,7
6f9b0017-2771-4be0-83b2-b6f7f79e7f2f,2026-02-15 00:00:00,1
6f9b0017-2771-4be0-83b2-b6f7f79e7f2f,2026-04-26 00:00:00,1
720ea527-bf20-0f04-43a9-48bc33456a2a,2026-01-25 00:00:00,2
720ea527-bf20-0f04-43a9-48bc33456a2a,2026-02-01 00:00:00,1
720ea527-bf20-0f04-43a9-48bc33456a2a,2026-02-22 00:00:00,1
720ea527-bf20-0f04-43a9-48bc33456a2a,2026-04-26 00:00:00,1
72a519ff-6d64-f497-ed4a-9e32137ef665,2026-01-11 00:00:00,1
72a519ff-6d64-f497-ed4a-9e32137ef665,2026-03-15 00:00:00,1
72a519ff-6d64-f497-ed4a-9e32137ef665,2026-04-05 00:00:00,1
734beae7-d455-e143-2c65-27f150956a7a,2026-02-15 00:00:00,1
734beae7-d455-e143-2c65-27f150956a7a,2026-03-08 00:00:00,1
73b3dce4-1d94-e0ae-7989-492e38faf306,2026-03-15 00:00:00,1
74ea7f1c-90a4-6c8f-b363-e531912d7422,2026-03-22 00:00:00,6
74ea7f1c-90a4-6c8f-b363-e531912d7422,2026-03-29 00:00:00,2
74ea7f1c-90a4-6c8f-b363-e531912d7422,2026-04-26 00:00:00,2
74ea7f1c-90a4-6c8f-b363-e531912d7422,2026-05-17 00:00:00,2
7575e67d-37b7-3365-a733-5e041f4480ff,2026-01-04 00:00:00,1
7575e67d-37b7-3365-a733-5e041f4480ff,2026-03-15 00:00:00,1
7575e67d-37b7-3365-a733-5e041f4480ff,2026-05-17 00:00:00,4
75814bc8-7262-ace7-62ae-e055f58645fa,2026-04-12 00:00:00,3
75d4fa33-7033-c6f5-b27f-5e9c678920f2,2025-11-23 00:00:00,1
75d4fa33-7033-c6f5-b27f-5e9c678920f2,2025-12-07 00:00:00,1
75d4fa33-7033-c6f5-b27f-5e9c678920f2,2026-01-04 00:00:00,4
75d4fa33-7033-c6f5-b27f-5e9c678920f2,2026-01-11 00:00:00,7
75d4fa33-7033-c6f5-b27f-5e9c678920f2,2026-01-18 00:00:00,6
75d4fa33-7033-c6f5-b27f-5e9c678920f2,2026-02-01 00:00:00,5
75d4fa33-7033-c6f5-b27f-5e9c678920f2,2026-02-08 00:00:00,1
75d4fa33-7033-c6f5-b27f-5e9c678920f2,2026-02-15 00:00:00,5
75d4fa33-7033-c6f5-b27f-5e9c678920f2,2026-02-22 00:00:00,2
75d4fa33-7033-c6f5-b27f-5e9c678920f2,2026-03-01 00:00:00,6
75d4fa33-7033-c6f5-b27f-5e9c678920f2,2026-03-29 00:00:00,2
75d4fa33-7033-c6f5-b27f-5e9c678920f2,2026-04-12 00:00:00,1
75f344a4-4611-b3b6-5c80-ab30daa9eaa7,2025-11-30 00:00:00,1
75f344a4-4611-b3b6-5c80-ab30daa9eaa7,2025-12-07 00:00:00,1
75f344a4-4611-b3b6-5c80-ab30daa9eaa7,2025-12-14 00:00:00,1
75f344a4-4611-b3b6-5c80-ab30daa9eaa7,2026-01-04 00:00:00,2
75f344a4-4611-b3b6-5c80-ab30daa9eaa7,2026-04-26 00:00:00,1
75f344a4-4611-b3b6-5c80-ab30daa9eaa7,2026-05-17 00:00:00,1
76d780bd-840a-d20b-98e0-d710b1e73125,2025-11-30 00:00:00,1
76d780bd-840a-d20b-98e0-d710b1e73125,2026-01-04 00:00:00,1
76d780bd-840a-d20b-98e0-d710b1e73125,2026-04-19 00:00:00,2
76d780bd-840a-d20b-98e0-d710b1e73125,2026-04-26 00:00:00,9
76d780bd-840a-d20b-98e0-d710b1e73125,2026-05-03 00:00:00,2
76d780bd-840a-d20b-98e0-d710b1e73125,2026-05-17 00:00:00,12
76fc049e-7a39-916e-221e-7810dbb0f77a,2026-03-22 00:00:00,1
779187a7-f95a-462b-88e2-3c2affe30386,2026-03-08 00:00:00,1
779187a7-f95a-462b-88e2-3c2affe30386,2026-03-15 00:00:00,2
779187a7-f95a-462b-88e2-3c2affe30386,2026-05-17 00:00:00,2
77f55b4a-cfc4-c254-b834-f69f8f1dc8e0,2025-11-23 00:00:00,1
77f55b4a-cfc4-c254-b834-f69f8f1dc8e0,2025-12-07 00:00:00,1
77f55b4a-cfc4-c254-b834-f69f8f1dc8e0,2026-01-04 00:00:00,1
77f55b4a-cfc4-c254-b834-f69f8f1dc8e0,2026-01-11 00:00:00,1
77f55b4a-cfc4-c254-b834-f69f8f1dc8e0,2026-01-18 00:00:00,1
78ced8cc-bafa-8ffb-66f7-d4e32a37ad11,2026-01-11 00:00:00,2
78ced8cc-bafa-8ffb-66f7-d4e32a37ad11,2026-01-18 00:00:00,1
78ced8cc-bafa-8ffb-66f7-d4e32a37ad11,2026-02-22 00:00:00,1
78ced8cc-bafa-8ffb-66f7-d4e32a37ad11,2026-04-26 00:00:00,1
78ced8cc-bafa-8ffb-66f7-d4e32a37ad11,2026-05-03 00:00:00,1
78ced8cc-bafa-8ffb-66f7-d4e32a37ad11,2026-05-17 00:00:00,1
79824940-e4a8-1854-e9e5-5cb25de6b79c,2026-04-05 00:00:00,1
79824940-e4a8-1854-e9e5-5cb25de6b79c,2026-04-12 00:00:00,1
79824940-e4a8-1854-e9e5-5cb25de6b79c,2026-04-19 00:00:00,1
79824940-e4a8-1854-e9e5-5cb25de6b79c,2026-04-26 00:00:00,1
7ae41312-0222-e237-b333-d58b2fa829fb,2025-11-23 00:00:00,1
7ae41312-0222-e237-b333-d58b2fa829fb,2025-12-14 00:00:00,1
7ae41312-0222-e237-b333-d58b2fa829fb,2026-02-22 00:00:00,2
7ae41312-0222-e237-b333-d58b2fa829fb,2026-03-15 00:00:00,3
7ae41312-0222-e237-b333-d58b2fa829fb,2026-03-22 00:00:00,1
7ae41312-0222-e237-b333-d58b2fa829fb,2026-04-12 00:00:00,1
7ae41312-0222-e237-b333-d58b2fa829fb,2026-05-17 00:00:00,1
7b68615a-bd7e-8314-b571-8b3a3970c6e7,2026-03-01 00:00:00,1
7b68615a-bd7e-8314-b571-8b3a3970c6e7,2026-03-08 00:00:00,2
7b68615a-bd7e-8314-b571-8b3a3970c6e7,2026-03-15 00:00:00,2
7b68615a-bd7e-8314-b571-8b3a3970c6e7,2026-03-22 00:00:00,3
7dd724b2-55dd-32f0-7871-c756f149c0d1,2026-01-11 00:00:00,1
7e6c05b3-257f-1244-b073-3774075e92a7,2026-03-01 00:00:00,1
84fd6b25-b55c-ae4d-4098-b607983fdcc8,2025-11-23 00:00:00,1
84fd6b25-b55c-ae4d-4098-b607983fdcc8,2025-11-30 00:00:00,2
84fd6b25-b55c-ae4d-4098-b607983fdcc8,2026-01-04 00:00:00,4
84fd6b25-b55c-ae4d-4098-b607983fdcc8,2026-01-11 00:00:00,1
84fd6b25-b55c-ae4d-4098-b607983fdcc8,2026-01-18 00:00:00,1
84fd6b25-b55c-ae4d-4098-b607983fdcc8,2026-03-15 00:00:00,1
84fd6b25-b55c-ae4d-4098-b607983fdcc8,2026-04-12 00:00:00,1
84fd6b25-b55c-ae4d-4098-b607983fdcc8,2026-04-19 00:00:00,1
84fd6b25-b55c-ae4d-4098-b607983fdcc8,2026-04-26 00:00:00,2
84fd6b25-b55c-ae4d-4098-b607983fdcc8,2026-05-03 00:00:00,1
84fd6b25-b55c-ae4d-4098-b607983fdcc8,2026-05-17 00:00:00,6
86b38839-1509-0ea8-5c97-e4e69f1d98cd,2026-04-12 00:00:00,1
86b38839-1509-0ea8-5c97-e4e69f1d98cd,2026-04-19 00:00:00,1
86b38839-1509-0ea8-5c97-e4e69f1d98cd,2026-04-26 00:00:00,2
86b38839-1509-0ea8-5c97-e4e69f1d98cd,2026-05-03 00:00:00,2
86b38839-1509-0ea8-5c97-e4e69f1d98cd,2026-05-10 00:00:00,1
86b38839-1509-0ea8-5c97-e4e69f1d98cd,2026-05-17 00:00:00,1
87393e81-7495-669f-21ae-593bef161fec,2025-11-23 00:00:00,7
87393e81-7495-669f-21ae-593bef161fec,2025-11-30 00:00:00,20
87393e81-7495-669f-21ae-593bef161fec,2025-12-07 00:00:00,11
87393e81-7495-669f-21ae-593bef161fec,2025-12-14 00:00:00,9
87393e81-7495-669f-21ae-593bef161fec,2025-12-21 00:00:00,2
87393e81-7495-669f-21ae-593bef161fec,2025-12-28 00:00:00,4
87393e81-7495-669f-21ae-593bef161fec,2026-01-04 00:00:00,9
87393e81-7495-669f-21ae-593bef161fec,2026-01-11 00:00:00,7
87393e81-7495-669f-21ae-593bef161fec,2026-01-18 00:00:00,3
87393e81-7495-669f-21ae-593bef161fec,2026-01-25 00:00:00,7
87393e81-7495-669f-21ae-593bef161fec,2026-02-01 00:00:00,2
87393e81-7495-669f-21ae-593bef161fec,2026-02-08 00:00:00,7
87393e81-7495-669f-21ae-593bef161fec,2026-02-15 00:00:00,4
87393e81-7495-669f-21ae-593bef161fec,2026-02-22 00:00:00,5
87393e81-7495-669f-21ae-593bef161fec,2026-03-01 00:00:00,9
87393e81-7495-669f-21ae-593bef161fec,2026-03-08 00:00:00,12
87393e81-7495-669f-21ae-593bef161fec,2026-03-15 00:00:00,5
87393e81-7495-669f-21ae-593bef161fec,2026-03-22 00:00:00,6
87393e81-7495-669f-21ae-593bef161fec,2026-03-29 00:00:00,9
87393e81-7495-669f-21ae-593bef161fec,2026-04-05 00:00:00,7
87393e81-7495-669f-21ae-593bef161fec,2026-04-12 00:00:00,3
87393e81-7495-669f-21ae-593bef161fec,2026-04-19 00:00:00,6
87393e81-7495-669f-21ae-593bef161fec,2026-04-26 00:00:00,26
87393e81-7495-669f-21ae-593bef161fec,2026-05-03 00:00:00,10
87393e81-7495-669f-21ae-593bef161fec,2026-05-10 00:00:00,5
87393e81-7495-669f-21ae-593bef161fec,2026-05-17 00:00:00,27
8785182c-24d6-7f79-5dc9-9ac9fd249562,2025-11-23 00:00:00,3
8785182c-24d6-7f79-5dc9-9ac9fd249562,2025-11-30 00:00:00,4
8785182c-24d6-7f79-5dc9-9ac9fd249562,2025-12-07 00:00:00,2
8785182c-24d6-7f79-5dc9-9ac9fd249562,2025-12-14 00:00:00,2
8785182c-24d6-7f79-5dc9-9ac9fd249562,2026-01-04 00:00:00,1
8785182c-24d6-7f79-5dc9-9ac9fd249562,2026-01-11 00:00:00,1
8785182c-24d6-7f79-5dc9-9ac9fd249562,2026-01-25 00:00:00,1
8785182c-24d6-7f79-5dc9-9ac9fd249562,2026-02-01 00:00:00,1
8785182c-24d6-7f79-5dc9-9ac9fd249562,2026-02-08 00:00:00,1
8785182c-24d6-7f79-5dc9-9ac9fd249562,2026-02-15 00:00:00,1
8785182c-24d6-7f79-5dc9-9ac9fd249562,2026-02-22 00:00:00,1
8785182c-24d6-7f79-5dc9-9ac9fd249562,2026-03-01 00:00:00,1
8785182c-24d6-7f79-5dc9-9ac9fd249562,2026-03-08 00:00:00,1
8785182c-24d6-7f79-5dc9-9ac9fd249562,2026-03-22 00:00:00,1
8785182c-24d6-7f79-5dc9-9ac9fd249562,2026-03-29 00:00:00,1
8785182c-24d6-7f79-5dc9-9ac9fd249562,2026-04-05 00:00:00,2
8785182c-24d6-7f79-5dc9-9ac9fd249562,2026-04-19 00:00:00,2
8785182c-24d6-7f79-5dc9-9ac9fd249562,2026-04-26 00:00:00,3
8785182c-24d6-7f79-5dc9-9ac9fd249562,2026-05-03 00:00:00,1
8785182c-24d6-7f79-5dc9-9ac9fd249562,2026-05-10 00:00:00,1
8785182c-24d6-7f79-5dc9-9ac9fd249562,2026-05-17 00:00:00,5
87c7e694-9593-bbc5-5add-963b4eafb5d2,2026-01-18 00:00:00,1
886be1cd-d374-b473-eb5e-5e44351e0f6c,2025-12-14 00:00:00,1
886be1cd-d374-b473-eb5e-5e44351e0f6c,2026-01-11 00:00:00,1
886be1cd-d374-b473-eb5e-5e44351e0f6c,2026-01-18 00:00:00,1
886be1cd-d374-b473-eb5e-5e44351e0f6c,2026-01-25 00:00:00,1
886be1cd-d374-b473-eb5e-5e44351e0f6c,2026-02-22 00:00:00,1
886be1cd-d374-b473-eb5e-5e44351e0f6c,2026-04-12 00:00:00,1
886be1cd-d374-b473-eb5e-5e44351e0f6c,2026-04-19 00:00:00,2
886be1cd-d374-b473-eb5e-5e44351e0f6c,2026-04-26 00:00:00,2
886be1cd-d374-b473-eb5e-5e44351e0f6c,2026-05-03 00:00:00,1
886be1cd-d374-b473-eb5e-5e44351e0f6c,2026-05-17 00:00:00,1
88ac6706-4e6f-6d0f-f87f-2b82b87aede3,2026-04-05 00:00:00,2
88df5d78-2875-0e48-4f24-7e5887fa7ccb,2026-01-04 00:00:00,3
88df5d78-2875-0e48-4f24-7e5887fa7ccb,2026-01-11 00:00:00,1
88df5d78-2875-0e48-4f24-7e5887fa7ccb,2026-01-18 00:00:00,1
88df5d78-2875-0e48-4f24-7e5887fa7ccb,2026-02-01 00:00:00,1
88df5d78-2875-0e48-4f24-7e5887fa7ccb,2026-02-15 00:00:00,1
88df5d78-2875-0e48-4f24-7e5887fa7ccb,2026-03-29 00:00:00,1
88df5d78-2875-0e48-4f24-7e5887fa7ccb,2026-04-19 00:00:00,1
88df5d78-2875-0e48-4f24-7e5887fa7ccb,2026-04-26 00:00:00,2
88df5d78-2875-0e48-4f24-7e5887fa7ccb,2026-05-03 00:00:00,1
88df5d78-2875-0e48-4f24-7e5887fa7ccb,2026-05-17 00:00:00,1
8a5a76d3-32a9-efa4-a73a-b08d003b6c5f,2026-03-22 00:00:00,1
8c50c8df-ee9c-c2c5-dcf5-44284d7cdef7,2026-03-29 00:00:00,4
8c50c8df-ee9c-c2c5-dcf5-44284d7cdef7,2026-04-05 00:00:00,4
8c50c8df-ee9c-c2c5-dcf5-44284d7cdef7,2026-04-26 00:00:00,1
8c50c8df-ee9c-c2c5-dcf5-44284d7cdef7,2026-05-17 00:00:00,2
91972360-80b0-4958-49b7-ae11f6b737ca,2026-03-29 00:00:00,2
91972360-80b0-4958-49b7-ae11f6b737ca,2026-04-05 00:00:00,1
91972360-80b0-4958-49b7-ae11f6b737ca,2026-04-26 00:00:00,2
91972360-80b0-4958-49b7-ae11f6b737ca,2026-05-03 00:00:00,1
91972360-80b0-4958-49b7-ae11f6b737ca,2026-05-10 00:00:00,1
91972360-80b0-4958-49b7-ae11f6b737ca,2026-05-17 00:00:00,1
91ae11a4-e14a-db12-eef4-f37a88c4aad3,2025-11-30 00:00:00,1
91ae11a4-e14a-db12-eef4-f37a88c4aad3,2026-01-11 00:00:00,1
92f0610d-cb6f-e80d-d484-e68f04aff476,2025-12-28 00:00:00,1
92f0610d-cb6f-e80d-d484-e68f04aff476,2026-01-04 00:00:00,1
92f0610d-cb6f-e80d-d484-e68f04aff476,2026-03-29 00:00:00,1
9344ef2c-794f-9d19-fbdb-006868a10afc,2026-03-29 00:00:00,3
9344ef2c-794f-9d19-fbdb-006868a10afc,2026-04-05 00:00:00,2
9344ef2c-794f-9d19-fbdb-006868a10afc,2026-04-12 00:00:00,1
9344ef2c-794f-9d19-fbdb-006868a10afc,2026-04-19 00:00:00,1
9344ef2c-794f-9d19-fbdb-006868a10afc,2026-05-17 00:00:00,3
960c51cc-6887-6873-4282-66ced44f8806,2026-01-11 00:00:00,1
97e0c126-373b-af1e-56cd-788ede4eb630,2025-11-23 00:00:00,2
97e0c126-373b-af1e-56cd-788ede4eb630,2025-11-30 00:00:00,1
97e0c126-373b-af1e-56cd-788ede4eb630,2025-12-07 00:00:00,1
97e0c126-373b-af1e-56cd-788ede4eb630,2026-01-04 00:00:00,1
97e0c126-373b-af1e-56cd-788ede4eb630,2026-02-15 00:00:00,1
98e7f4a9-6ed4-f433-ce2b-9d237fa6fc81,2026-04-26 00:00:00,1
991b585c-00b5-ae02-6201-6cb0859a1bee,2026-05-17 00:00:00,2
9a44c704-094a-3cce-18d2-f096a8c876f0,2026-04-05 00:00:00,2
9a44c704-094a-3cce-18d2-f096a8c876f0,2026-04-12 00:00:00,1
9a44c704-094a-3cce-18d2-f096a8c876f0,2026-05-17 00:00:00,1
9cd1c429-fd64-bef9-7d43-ef9b389c23bb,2026-02-15 00:00:00,1
9cd1c429-fd64-bef9-7d43-ef9b389c23bb,2026-02-22 00:00:00,1
9cd1c429-fd64-bef9-7d43-ef9b389c23bb,2026-03-29 00:00:00,1
9cd1c429-fd64-bef9-7d43-ef9b389c23bb,2026-04-26 00:00:00,1
9e57ca6f-5ef0-6621-9349-45f2e77ae1ef,2025-11-23 00:00:00,1
9e57ca6f-5ef0-6621-9349-45f2e77ae1ef,2025-11-30 00:00:00,1
9e57ca6f-5ef0-6621-9349-45f2e77ae1ef,2026-01-18 00:00:00,1
9e57ca6f-5ef0-6621-9349-45f2e77ae1ef,2026-03-15 00:00:00,1
9e9e4da0-f522-d20e-3069-c2d7d566190a,2026-01-18 00:00:00,1
9e9e4da0-f522-d20e-3069-c2d7d566190a,2026-01-25 00:00:00,2
9e9e4da0-f522-d20e-3069-c2d7d566190a,2026-02-01 00:00:00,1
9e9e4da0-f522-d20e-3069-c2d7d566190a,2026-02-15 00:00:00,2
9e9e4da0-f522-d20e-3069-c2d7d566190a,2026-05-17 00:00:00,1
a0d9cb37-7dc6-0aa6-6daa-8b4bdd15798e,2026-04-05 00:00:00,1
a0d9cb37-7dc6-0aa6-6daa-8b4bdd15798e,2026-04-19 00:00:00,1
a0d9cb37-7dc6-0aa6-6daa-8b4bdd15798e,2026-05-17 00:00:00,1
a365f549-7014-9540-5cdf-0a52448ad1b0,2026-02-22 00:00:00,2
a583e4b5-b529-7c95-5af3-12c551d8f5ae,2026-02-15 00:00:00,2
a583e4b5-b529-7c95-5af3-12c551d8f5ae,2026-02-22 00:00:00,3
a583e4b5-b529-7c95-5af3-12c551d8f5ae,2026-03-01 00:00:00,2
a583e4b5-b529-7c95-5af3-12c551d8f5ae,2026-03-08 00:00:00,2
a583e4b5-b529-7c95-5af3-12c551d8f5ae,2026-03-22 00:00:00,1
a583e4b5-b529-7c95-5af3-12c551d8f5ae,2026-04-05 00:00:00,2
a583e4b5-b529-7c95-5af3-12c551d8f5ae,2026-04-19 00:00:00,2
a583e4b5-b529-7c95-5af3-12c551d8f5ae,2026-04-26 00:00:00,1
a583e4b5-b529-7c95-5af3-12c551d8f5ae,2026-05-03 00:00:00,3
a583e4b5-b529-7c95-5af3-12c551d8f5ae,2026-05-10 00:00:00,3
a583e4b5-b529-7c95-5af3-12c551d8f5ae,2026-05-17 00:00:00,4
a6c9825a-5ca8-9233-7a1b-0a3a6767cb2e,2026-04-19 00:00:00,1
a6c9825a-5ca8-9233-7a1b-0a3a6767cb2e,2026-05-17 00:00:00,1
a7f32d9d-7ed5-e83b-e100-04b87adeabcd,2026-03-08 00:00:00,3
a7f32d9d-7ed5-e83b-e100-04b87adeabcd,2026-03-22 00:00:00,2
a7f32d9d-7ed5-e83b-e100-04b87adeabcd,2026-03-29 00:00:00,2
a7f32d9d-7ed5-e83b-e100-04b87adeabcd,2026-04-05 00:00:00,5
a7f32d9d-7ed5-e83b-e100-04b87adeabcd,2026-04-12 00:00:00,8
a7f32d9d-7ed5-e83b-e100-04b87adeabcd,2026-04-19 00:00:00,5
a7f32d9d-7ed5-e83b-e100-04b87adeabcd,2026-04-26 00:00:00,6
a7f32d9d-7ed5-e83b-e100-04b87adeabcd,2026-05-03 00:00:00,3
a7f32d9d-7ed5-e83b-e100-04b87adeabcd,2026-05-17 00:00:00,6
a8f60b92-9fd3-af9a-cb79-b096dfc8485b,2025-11-23 00:00:00,1
a8f60b92-9fd3-af9a-cb79-b096dfc8485b,2026-01-11 00:00:00,1
a8f60b92-9fd3-af9a-cb79-b096dfc8485b,2026-03-15 00:00:00,1
aafe92e4-b32d-77f4-09ef-1d131aa5787e,2025-12-21 00:00:00,1
aafe92e4-b32d-77f4-09ef-1d131aa5787e,2026-01-04 00:00:00,1
aafe92e4-b32d-77f4-09ef-1d131aa5787e,2026-02-01 00:00:00,1
aafe92e4-b32d-77f4-09ef-1d131aa5787e,2026-02-22 00:00:00,1
aafe92e4-b32d-77f4-09ef-1d131aa5787e,2026-03-01 00:00:00,2
aafe92e4-b32d-77f4-09ef-1d131aa5787e,2026-03-08 00:00:00,1
aafe92e4-b32d-77f4-09ef-1d131aa5787e,2026-03-15 00:00:00,1
aafe92e4-b32d-77f4-09ef-1d131aa5787e,2026-03-22 00:00:00,1
aafe92e4-b32d-77f4-09ef-1d131aa5787e,2026-05-10 00:00:00,1
ab0e793c-922c-a546-1e96-a7e20fbfa785,2026-01-18 00:00:00,3
ab0e793c-922c-a546-1e96-a7e20fbfa785,2026-01-25 00:00:00,1
ab0e793c-922c-a546-1e96-a7e20fbfa785,2026-02-22 00:00:00,1
ab0e793c-922c-a546-1e96-a7e20fbfa785,2026-03-01 00:00:00,1
ab0e793c-922c-a546-1e96-a7e20fbfa785,2026-03-08 00:00:00,2
ab0e793c-922c-a546-1e96-a7e20fbfa785,2026-03-15 00:00:00,5
ab0e793c-922c-a546-1e96-a7e20fbfa785,2026-04-05 00:00:00,1
ab0e793c-922c-a546-1e96-a7e20fbfa785,2026-04-26 00:00:00,1
ab0e793c-922c-a546-1e96-a7e20fbfa785,2026-05-03 00:00:00,1
ab0e793c-922c-a546-1e96-a7e20fbfa785,2026-05-17 00:00:00,1
abe21e26-cc0e-d6c4-f416-84aeaa58a705,2026-02-22 00:00:00,1
abe21e26-cc0e-d6c4-f416-84aeaa58a705,2026-03-01 00:00:00,4
abe21e26-cc0e-d6c4-f416-84aeaa58a705,2026-03-08 00:00:00,3
abe21e26-cc0e-d6c4-f416-84aeaa58a705,2026-03-15 00:00:00,2
abe21e26-cc0e-d6c4-f416-84aeaa58a705,2026-03-29 00:00:00,2
abe21e26-cc0e-d6c4-f416-84aeaa58a705,2026-04-05 00:00:00,2
abe21e26-cc0e-d6c4-f416-84aeaa58a705,2026-04-12 00:00:00,3
abe21e26-cc0e-d6c4-f416-84aeaa58a705,2026-04-19 00:00:00,2
abe21e26-cc0e-d6c4-f416-84aeaa58a705,2026-04-26 00:00:00,2
abe21e26-cc0e-d6c4-f416-84aeaa58a705,2026-05-03 00:00:00,4
abe21e26-cc0e-d6c4-f416-84aeaa58a705,2026-05-10 00:00:00,2
abe21e26-cc0e-d6c4-f416-84aeaa58a705,2026-05-17 00:00:00,1
adf47dbf-5916-88be-11a7-7eb66c134364,2026-03-15 00:00:00,2
adf47dbf-5916-88be-11a7-7eb66c134364,2026-03-22 00:00:00,1
adf47dbf-5916-88be-11a7-7eb66c134364,2026-03-29 00:00:00,1
adf47dbf-5916-88be-11a7-7eb66c134364,2026-04-05 00:00:00,1
adf47dbf-5916-88be-11a7-7eb66c134364,2026-04-26 00:00:00,1
ae7c889c-e877-e8f0-1995-7288d44ad7b7,2026-02-15 00:00:00,1
afb1588e-9ed5-93ba-b6b4-5b09178f28cb,2026-03-22 00:00:00,2
afb1588e-9ed5-93ba-b6b4-5b09178f28cb,2026-03-29 00:00:00,1
afb1588e-9ed5-93ba-b6b4-5b09178f28cb,2026-04-05 00:00:00,3
afb1588e-9ed5-93ba-b6b4-5b09178f28cb,2026-04-19 00:00:00,5
afb1588e-9ed5-93ba-b6b4-5b09178f28cb,2026-04-26 00:00:00,2
afb1588e-9ed5-93ba-b6b4-5b09178f28cb,2026-05-03 00:00:00,2
afb1588e-9ed5-93ba-b6b4-5b09178f28cb,2026-05-17 00:00:00,3
b1c8fde5-b9e3-717f-fb32-ad08179242df,2026-02-15 00:00:00,1
b1c8fde5-b9e3-717f-fb32-ad08179242df,2026-02-22 00:00:00,3
b1c8fde5-b9e3-717f-fb32-ad08179242df,2026-03-01 00:00:00,2
b1c8fde5-b9e3-717f-fb32-ad08179242df,2026-03-15 00:00:00,8
b1c8fde5-b9e3-717f-fb32-ad08179242df,2026-03-22 00:00:00,1
b1c8fde5-b9e3-717f-fb32-ad08179242df,2026-04-05 00:00:00,2
b1c8fde5-b9e3-717f-fb32-ad08179242df,2026-04-12 00:00:00,2
b1c8fde5-b9e3-717f-fb32-ad08179242df,2026-04-19 00:00:00,1
b1c8fde5-b9e3-717f-fb32-ad08179242df,2026-04-26 00:00:00,3
b1c8fde5-b9e3-717f-fb32-ad08179242df,2026-05-03 00:00:00,5
b1c8fde5-b9e3-717f-fb32-ad08179242df,2026-05-10 00:00:00,3
b1c8fde5-b9e3-717f-fb32-ad08179242df,2026-05-17 00:00:00,2
b33615f9-2a98-ad59-6cc9-15cf8b6f0658,2026-03-15 00:00:00,1
b33615f9-2a98-ad59-6cc9-15cf8b6f0658,2026-03-22 00:00:00,1
b33615f9-2a98-ad59-6cc9-15cf8b6f0658,2026-04-05 00:00:00,1
b33615f9-2a98-ad59-6cc9-15cf8b6f0658,2026-05-17 00:00:00,2
b3d34222-78af-56de-e102-5fcfe53112c8,2026-02-15 00:00:00,9
b4489e50-c2c0-afe9-c2c4-91f48db290c6,2026-02-08 00:00:00,2
b4489e50-c2c0-afe9-c2c4-91f48db290c6,2026-05-17 00:00:00,1
b4928ea2-8bf7-54f7-514d-314a25040ca3,2026-01-18 00:00:00,1
b72c5728-7ef2-aef8-3572-671f5592966d,2026-01-25 00:00:00,1
b72c5728-7ef2-aef8-3572-671f5592966d,2026-02-01 00:00:00,2
b72c5728-7ef2-aef8-3572-671f5592966d,2026-05-17 00:00:00,1
b7663e05-9566-32c2-652f-3d0adb031bc3,2025-11-23 00:00:00,3
b7663e05-9566-32c2-652f-3d0adb031bc3,2025-11-30 00:00:00,1
b7b409ca-6516-2e27-a5b2-e7c823fa4654,2026-02-08 00:00:00,1
b7bdbd90-2944-3789-b262-645c86df4d6a,2026-03-08 00:00:00,1
b7bdbd90-2944-3789-b262-645c86df4d6a,2026-03-15 00:00:00,1
b7bdbd90-2944-3789-b262-645c86df4d6a,2026-03-22 00:00:00,1
b7bdbd90-2944-3789-b262-645c86df4d6a,2026-04-05 00:00:00,1
b807ae80-0f35-cbe4-ff72-3379c80c3a90,2026-04-12 00:00:00,1
b807ae80-0f35-cbe4-ff72-3379c80c3a90,2026-05-17 00:00:00,2
b950741e-e5d5-31e5-b7bd-a2b94c5b2a45,2026-03-01 00:00:00,1
b950741e-e5d5-31e5-b7bd-a2b94c5b2a45,2026-04-05 00:00:00,11
b950741e-e5d5-31e5-b7bd-a2b94c5b2a45,2026-04-12 00:00:00,2
b950741e-e5d5-31e5-b7bd-a2b94c5b2a45,2026-04-19 00:00:00,2
b950741e-e5d5-31e5-b7bd-a2b94c5b2a45,2026-04-26 00:00:00,4
b950741e-e5d5-31e5-b7bd-a2b94c5b2a45,2026-05-03 00:00:00,2
b950741e-e5d5-31e5-b7bd-a2b94c5b2a45,2026-05-10 00:00:00,7
b950741e-e5d5-31e5-b7bd-a2b94c5b2a45,2026-05-17 00:00:00,6
bc0e3c9e-fd8c-3e1d-c511-f7618fcedb5e,2026-03-22 00:00:00,1
bcd21dab-3bfd-5f03-fb50-cf74af726d7a,2026-02-15 00:00:00,3
be46af07-7683-9d65-b775-6587f2749483,2026-02-15 00:00:00,1
be46af07-7683-9d65-b775-6587f2749483,2026-02-22 00:00:00,1
be46af07-7683-9d65-b775-6587f2749483,2026-04-26 00:00:00,1
bfa48893-7a21-0fa4-e2be-97a9cbbb47ca,2026-04-19 00:00:00,1
bfa48893-7a21-0fa4-e2be-97a9cbbb47ca,2026-05-03 00:00:00,1
bfa48893-7a21-0fa4-e2be-97a9cbbb47ca,2026-05-17 00:00:00,1
c1d785ec-e2bb-dc03-9846-c37f96ab665f,2026-05-03 00:00:00,5
c1d785ec-e2bb-dc03-9846-c37f96ab665f,2026-05-10 00:00:00,1
c1d785ec-e2bb-dc03-9846-c37f96ab665f,2026-05-17 00:00:00,2
c2549aa3-c5ed-3cd6-1c07-aecddf125dc0,2025-11-23 00:00:00,1
c2549aa3-c5ed-3cd6-1c07-aecddf125dc0,2025-11-30 00:00:00,2
c2549aa3-c5ed-3cd6-1c07-aecddf125dc0,2025-12-21 00:00:00,1
c2549aa3-c5ed-3cd6-1c07-aecddf125dc0,2026-01-04 00:00:00,1
c2549aa3-c5ed-3cd6-1c07-aecddf125dc0,2026-03-08 00:00:00,1
c2549aa3-c5ed-3cd6-1c07-aecddf125dc0,2026-03-29 00:00:00,1
c7f55dbb-2320-dd06-d650-1ff541f9a0a9,2025-11-23 00:00:00,2
c7f55dbb-2320-dd06-d650-1ff541f9a0a9,2025-11-30 00:00:00,2
c7f55dbb-2320-dd06-d650-1ff541f9a0a9,2025-12-07 00:00:00,1
c7f55dbb-2320-dd06-d650-1ff541f9a0a9,2025-12-14 00:00:00,2
c7f55dbb-2320-dd06-d650-1ff541f9a0a9,2025-12-21 00:00:00,1
c7f55dbb-2320-dd06-d650-1ff541f9a0a9,2026-01-04 00:00:00,1
c7f55dbb-2320-dd06-d650-1ff541f9a0a9,2026-01-25 00:00:00,1
c7f55dbb-2320-dd06-d650-1ff541f9a0a9,2026-02-01 00:00:00,2
c7f55dbb-2320-dd06-d650-1ff541f9a0a9,2026-02-15 00:00:00,1
c7f55dbb-2320-dd06-d650-1ff541f9a0a9,2026-03-01 00:00:00,1
c7f55dbb-2320-dd06-d650-1ff541f9a0a9,2026-03-22 00:00:00,2
c7f55dbb-2320-dd06-d650-1ff541f9a0a9,2026-03-29 00:00:00,1
c7f55dbb-2320-dd06-d650-1ff541f9a0a9,2026-04-05 00:00:00,1
c7f55dbb-2320-dd06-d650-1ff541f9a0a9,2026-04-12 00:00:00,2
c7f55dbb-2320-dd06-d650-1ff541f9a0a9,2026-04-19 00:00:00,2
c7f55dbb-2320-dd06-d650-1ff541f9a0a9,2026-04-26 00:00:00,8
c7f55dbb-2320-dd06-d650-1ff541f9a0a9,2026-05-17 00:00:00,6
c85d177c-5bec-d970-6162-875a6fdd1cae,2026-01-25 00:00:00,8
c85d177c-5bec-d970-6162-875a6fdd1cae,2026-02-01 00:00:00,1
c85d177c-5bec-d970-6162-875a6fdd1cae,2026-03-08 00:00:00,2
c85d177c-5bec-d970-6162-875a6fdd1cae,2026-05-17 00:00:00,1
ca019e9f-64bd-3d7f-8ba9-1117421aea29,2026-03-22 00:00:00,1
ca019e9f-64bd-3d7f-8ba9-1117421aea29,2026-04-19 00:00:00,1
ca11a10f-30ef-1139-4b02-dc3ade4436bb,2026-02-22 00:00:00,3
ca11a10f-30ef-1139-4b02-dc3ade4436bb,2026-03-01 00:00:00,3
cbaf8714-828c-d19d-36cf-f61bd5b64b45,2026-04-12 00:00:00,1
cc7b8ab1-1d07-4be2-ae9f-dbdbe55bc815,2025-11-23 00:00:00,2
cc7b8ab1-1d07-4be2-ae9f-dbdbe55bc815,2025-11-30 00:00:00,4
cc7b8ab1-1d07-4be2-ae9f-dbdbe55bc815,2025-12-07 00:00:00,1
cc7b8ab1-1d07-4be2-ae9f-dbdbe55bc815,2026-01-04 00:00:00,1
cc7b8ab1-1d07-4be2-ae9f-dbdbe55bc815,2026-01-11 00:00:00,1
cc7b8ab1-1d07-4be2-ae9f-dbdbe55bc815,2026-01-25 00:00:00,1
cc7b8ab1-1d07-4be2-ae9f-dbdbe55bc815,2026-03-22 00:00:00,2
cd3fb6c1-e656-d32a-360a-43bb466c6ce3,2026-03-01 00:00:00,4
cd3fb6c1-e656-d32a-360a-43bb466c6ce3,2026-03-08 00:00:00,3
cd3fb6c1-e656-d32a-360a-43bb466c6ce3,2026-03-22 00:00:00,2
cd4abd64-a84e-636f-227b-4ddecffedc37,2026-03-01 00:00:00,1
ce2d34f5-959c-32c2-14d7-cb80d1052b83,2026-04-12 00:00:00,1
ce2d34f5-959c-32c2-14d7-cb80d1052b83,2026-04-19 00:00:00,4
ce2d34f5-959c-32c2-14d7-cb80d1052b83,2026-04-26 00:00:00,1
ce2d34f5-959c-32c2-14d7-cb80d1052b83,2026-05-03 00:00:00,5
ce2d34f5-959c-32c2-14d7-cb80d1052b83,2026-05-10 00:00:00,1
ce7b2a64-37d2-37cf-e700-922bdba9ef03,2026-05-17 00:00:00,2
ceede420-8909-11dc-8679-f8de582f2516,2025-11-30 00:00:00,1
ceede420-8909-11dc-8679-f8de582f2516,2025-12-07 00:00:00,1
ceede420-8909-11dc-8679-f8de582f2516,2026-01-25 00:00:00,1
ceede420-8909-11dc-8679-f8de582f2516,2026-02-01 00:00:00,1
ceede420-8909-11dc-8679-f8de582f2516,2026-02-08 00:00:00,1
ceede420-8909-11dc-8679-f8de582f2516,2026-02-22 00:00:00,1
ceede420-8909-11dc-8679-f8de582f2516,2026-03-01 00:00:00,1
ceede420-8909-11dc-8679-f8de582f2516,2026-03-22 00:00:00,1
ceede420-8909-11dc-8679-f8de582f2516,2026-03-29 00:00:00,1
ceede420-8909-11dc-8679-f8de582f2516,2026-04-12 00:00:00,1
ceede420-8909-11dc-8679-f8de582f2516,2026-04-19 00:00:00,1
ceede420-8909-11dc-8679-f8de582f2516,2026-04-26 00:00:00,2
ceede420-8909-11dc-8679-f8de582f2516,2026-05-10 00:00:00,1
ceede420-8909-11dc-8679-f8de582f2516,2026-05-17 00:00:00,1
cf990179-095f-576b-1d8d-e7811941904c,2026-03-22 00:00:00,1
cf990179-095f-576b-1d8d-e7811941904c,2026-03-29 00:00:00,1
cf990179-095f-576b-1d8d-e7811941904c,2026-04-26 00:00:00,3
cf990179-095f-576b-1d8d-e7811941904c,2026-05-10 00:00:00,1
cf990179-095f-576b-1d8d-e7811941904c,2026-05-17 00:00:00,2
d016454a-df0f-bde2-ca7b-966e23c4bd35,2026-01-25 00:00:00,2
d016454a-df0f-bde2-ca7b-966e23c4bd35,2026-02-08 00:00:00,2
d016454a-df0f-bde2-ca7b-966e23c4bd35,2026-02-15 00:00:00,3
d016454a-df0f-bde2-ca7b-966e23c4bd35,2026-02-22 00:00:00,2
d016454a-df0f-bde2-ca7b-966e23c4bd35,2026-03-01 00:00:00,2
d016454a-df0f-bde2-ca7b-966e23c4bd35,2026-03-08 00:00:00,2
d016454a-df0f-bde2-ca7b-966e23c4bd35,2026-04-05 00:00:00,1
d016454a-df0f-bde2-ca7b-966e23c4bd35,2026-04-12 00:00:00,3
d016454a-df0f-bde2-ca7b-966e23c4bd35,2026-04-19 00:00:00,1
d016454a-df0f-bde2-ca7b-966e23c4bd35,2026-04-26 00:00:00,5
d016454a-df0f-bde2-ca7b-966e23c4bd35,2026-05-03 00:00:00,1
d016454a-df0f-bde2-ca7b-966e23c4bd35,2026-05-10 00:00:00,2
d016454a-df0f-bde2-ca7b-966e23c4bd35,2026-05-17 00:00:00,3
d02b8615-c9b2-83e9-6872-5b8a58a38c4c,2026-02-15 00:00:00,16
d02b8615-c9b2-83e9-6872-5b8a58a38c4c,2026-02-22 00:00:00,7
d02b8615-c9b2-83e9-6872-5b8a58a38c4c,2026-03-01 00:00:00,4
d02b8615-c9b2-83e9-6872-5b8a58a38c4c,2026-03-08 00:00:00,3
d02b8615-c9b2-83e9-6872-5b8a58a38c4c,2026-04-19 00:00:00,1
d02b8615-c9b2-83e9-6872-5b8a58a38c4c,2026-04-26 00:00:00,1
d02b8615-c9b2-83e9-6872-5b8a58a38c4c,2026-05-03 00:00:00,1
d02b8615-c9b2-83e9-6872-5b8a58a38c4c,2026-05-17 00:00:00,6
d183e97a-3463-5739-c4c8-192b31179f95,2026-03-08 00:00:00,1
d183e97a-3463-5739-c4c8-192b31179f95,2026-03-15 00:00:00,1
d183e97a-3463-5739-c4c8-192b31179f95,2026-03-29 00:00:00,1
d183e97a-3463-5739-c4c8-192b31179f95,2026-04-26 00:00:00,1
d183e97a-3463-5739-c4c8-192b31179f95,2026-05-03 00:00:00,1
d188015f-7a62-4b41-8595-8708416a1a9d,2026-02-08 00:00:00,3
d188015f-7a62-4b41-8595-8708416a1a9d,2026-02-22 00:00:00,1
d188015f-7a62-4b41-8595-8708416a1a9d,2026-03-01 00:00:00,1
d188015f-7a62-4b41-8595-8708416a1a9d,2026-04-26 00:00:00,2
d188015f-7a62-4b41-8595-8708416a1a9d,2026-05-10 00:00:00,4
d188015f-7a62-4b41-8595-8708416a1a9d,2026-05-17 00:00:00,4
d19e3da9-341b-85b0-2815-36709f1edcbd,2026-03-22 00:00:00,1
d26207a3-3e92-cc79-5738-3bd59fd854c5,2026-01-18 00:00:00,1
d9e8a5d4-0e7b-7706-93cd-ac5eebadca8c,2025-11-23 00:00:00,1
d9e8a5d4-0e7b-7706-93cd-ac5eebadca8c,2026-03-22 00:00:00,1
db873d50-955b-d127-c12c-5e7d2c2743ff,2026-05-03 00:00:00,6
db873d50-955b-d127-c12c-5e7d2c2743ff,2026-05-17 00:00:00,3
dd84d358-e88c-1e33-c093-90ff17ed4367,2026-05-10 00:00:00,1
de5deec2-d59e-fcad-12cd-ab09ecb16427,2026-01-18 00:00:00,1
def46aa3-a5f8-bba0-cb4f-709330253b6d,2026-03-22 00:00:00,1
def46aa3-a5f8-bba0-cb4f-709330253b6d,2026-03-29 00:00:00,2
def46aa3-a5f8-bba0-cb4f-709330253b6d,2026-04-05 00:00:00,1
def46aa3-a5f8-bba0-cb4f-709330253b6d,2026-04-12 00:00:00,5
def46aa3-a5f8-bba0-cb4f-709330253b6d,2026-04-19 00:00:00,7
def46aa3-a5f8-bba0-cb4f-709330253b6d,2026-04-26 00:00:00,4
def46aa3-a5f8-bba0-cb4f-709330253b6d,2026-05-03 00:00:00,5
def46aa3-a5f8-bba0-cb4f-709330253b6d,2026-05-10 00:00:00,1
def46aa3-a5f8-bba0-cb4f-709330253b6d,2026-05-17 00:00:00,1
defb5cbe-823d-63d1-3cfd-be08db1961c8,2026-02-01 00:00:00,6
defb5cbe-823d-63d1-3cfd-be08db1961c8,2026-02-08 00:00:00,2
defb5cbe-823d-63d1-3cfd-be08db1961c8,2026-02-22 00:00:00,3
defb5cbe-823d-63d1-3cfd-be08db1961c8,2026-03-22 00:00:00,1
defb5cbe-823d-63d1-3cfd-be08db1961c8,2026-04-26 00:00:00,2
defb5cbe-823d-63d1-3cfd-be08db1961c8,2026-05-17 00:00:00,1
deffc94e-2085-a2d0-1ac6-37bf55b759c9,2026-03-22 00:00:00,1
df66b318-4bbd-6dcb-d6dd-6aaf07eb7275,2026-03-15 00:00:00,5
df66b318-4bbd-6dcb-d6dd-6aaf07eb7275,2026-03-22 00:00:00,5
df66b318-4bbd-6dcb-d6dd-6aaf07eb7275,2026-03-29 00:00:00,2
df66b318-4bbd-6dcb-d6dd-6aaf07eb7275,2026-04-05 00:00:00,6
df66b318-4bbd-6dcb-d6dd-6aaf07eb7275,2026-04-12 00:00:00,1
df66b318-4bbd-6dcb-d6dd-6aaf07eb7275,2026-04-19 00:00:00,1
df66b318-4bbd-6dcb-d6dd-6aaf07eb7275,2026-04-26 00:00:00,6
df66b318-4bbd-6dcb-d6dd-6aaf07eb7275,2026-05-03 00:00:00,9
df66b318-4bbd-6dcb-d6dd-6aaf07eb7275,2026-05-10 00:00:00,11
df66b318-4bbd-6dcb-d6dd-6aaf07eb7275,2026-05-17 00:00:00,12
e08ef7fb-23eb-29be-aa79-cc41e2b2c689,2026-04-05 00:00:00,1
e08ef7fb-23eb-29be-aa79-cc41e2b2c689,2026-04-12 00:00:00,1
e08ef7fb-23eb-29be-aa79-cc41e2b2c689,2026-04-19 00:00:00,1
e26b260b-f880-b728-73c2-c40eaeb01b87,2026-03-22 00:00:00,5
e26b260b-f880-b728-73c2-c40eaeb01b87,2026-03-29 00:00:00,3
e26b260b-f880-b728-73c2-c40eaeb01b87,2026-04-05 00:00:00,2
e26b260b-f880-b728-73c2-c40eaeb01b87,2026-04-12 00:00:00,1
e26b260b-f880-b728-73c2-c40eaeb01b87,2026-04-19 00:00:00,2
e26b260b-f880-b728-73c2-c40eaeb01b87,2026-04-26 00:00:00,3
e26b260b-f880-b728-73c2-c40eaeb01b87,2026-05-03 00:00:00,1
e26b260b-f880-b728-73c2-c40eaeb01b87,2026-05-10 00:00:00,2
e26b260b-f880-b728-73c2-c40eaeb01b87,2026-05-17 00:00:00,1
e27f4b6e-0562-e870-949f-19205bbb1063,2026-03-29 00:00:00,3
e27f4b6e-0562-e870-949f-19205bbb1063,2026-04-26 00:00:00,2
e2e9b9bf-687b-f74c-7d45-25f37498f19b,2026-03-15 00:00:00,15
e2e9b9bf-687b-f74c-7d45-25f37498f19b,2026-03-22 00:00:00,1
e2e9b9bf-687b-f74c-7d45-25f37498f19b,2026-04-05 00:00:00,2
e2e9b9bf-687b-f74c-7d45-25f37498f19b,2026-04-26 00:00:00,6
e2e9b9bf-687b-f74c-7d45-25f37498f19b,2026-05-17 00:00:00,6
e3b3040b-61d1-528d-1f62-be2d0226553b,2026-04-05 00:00:00,2
e3b3040b-61d1-528d-1f62-be2d0226553b,2026-04-12 00:00:00,1
e3b3040b-61d1-528d-1f62-be2d0226553b,2026-04-19 00:00:00,1
e3b3040b-61d1-528d-1f62-be2d0226553b,2026-04-26 00:00:00,1
e3b3040b-61d1-528d-1f62-be2d0226553b,2026-05-17 00:00:00,1
e4cf2d10-ba29-5a61-46d6-73c2eb8aa7c7,2026-03-15 00:00:00,3
e4cf2d10-ba29-5a61-46d6-73c2eb8aa7c7,2026-03-22 00:00:00,9
e4cf2d10-ba29-5a61-46d6-73c2eb8aa7c7,2026-03-29 00:00:00,2
e4cf2d10-ba29-5a61-46d6-73c2eb8aa7c7,2026-04-12 00:00:00,1
e4cf2d10-ba29-5a61-46d6-73c2eb8aa7c7,2026-04-19 00:00:00,1
e4cf2d10-ba29-5a61-46d6-73c2eb8aa7c7,2026-04-26 00:00:00,7
e4cf2d10-ba29-5a61-46d6-73c2eb8aa7c7,2026-05-03 00:00:00,1
e4cf2d10-ba29-5a61-46d6-73c2eb8aa7c7,2026-05-10 00:00:00,1
e4cf2d10-ba29-5a61-46d6-73c2eb8aa7c7,2026-05-17 00:00:00,4
e4e7d32c-41d8-8ae5-4855-4a93e111daa6,2026-02-15 00:00:00,4
e4e7d32c-41d8-8ae5-4855-4a93e111daa6,2026-04-26 00:00:00,1
e4e7d32c-41d8-8ae5-4855-4a93e111daa6,2026-05-10 00:00:00,3
e4e7d32c-41d8-8ae5-4855-4a93e111daa6,2026-05-17 00:00:00,5
e5914c19-95d0-e253-5bf0-740b6b5f7f3a,2025-12-07 00:00:00,2
e5914c19-95d0-e253-5bf0-740b6b5f7f3a,2026-01-04 00:00:00,2
e5914c19-95d0-e253-5bf0-740b6b5f7f3a,2026-01-11 00:00:00,1
e8ccc473-ef94-7a3d-efa0-a0a4c82fb291,2026-01-18 00:00:00,2
e8ccc473-ef94-7a3d-efa0-a0a4c82fb291,2026-02-22 00:00:00,1
e8ccc473-ef94-7a3d-efa0-a0a4c82fb291,2026-03-01 00:00:00,1
eab7fde5-92c9-7ca3-00d8-38484a076bb4,2026-02-01 00:00:00,5
eab7fde5-92c9-7ca3-00d8-38484a076bb4,2026-02-08 00:00:00,1
eab7fde5-92c9-7ca3-00d8-38484a076bb4,2026-02-15 00:00:00,15
eab7fde5-92c9-7ca3-00d8-38484a076bb4,2026-02-22 00:00:00,2
eab7fde5-92c9-7ca3-00d8-38484a076bb4,2026-03-08 00:00:00,1
eab7fde5-92c9-7ca3-00d8-38484a076bb4,2026-04-19 00:00:00,1
eab7fde5-92c9-7ca3-00d8-38484a076bb4,2026-04-26 00:00:00,1
eab7fde5-92c9-7ca3-00d8-38484a076bb4,2026-05-17 00:00:00,1
eab9431f-4fb2-89bf-0200-7cf95b531b52,2026-03-01 00:00:00,2
eb04d75f-8a60-4dd7-1421-d399f2634864,2026-01-04 00:00:00,1
eb04d75f-8a60-4dd7-1421-d399f2634864,2026-01-11 00:00:00,2
eb04d75f-8a60-4dd7-1421-d399f2634864,2026-02-08 00:00:00,1
eb04d75f-8a60-4dd7-1421-d399f2634864,2026-02-15 00:00:00,1
eb04d75f-8a60-4dd7-1421-d399f2634864,2026-05-17 00:00:00,1
eb13af17-e9bf-fe70-cce9-c18524c5b73c,2026-01-25 00:00:00,1
ee09da14-3ee6-0467-4605-21b8b4001d3b,2026-04-19 00:00:00,1
ee09da14-3ee6-0467-4605-21b8b4001d3b,2026-05-17 00:00:00,1
ee718c68-1d29-10e6-f313-c4fd91c382dc,2026-01-11 00:00:00,1
ef462b34-8a83-3aa2-7bf9-1ed8a69f7184,2025-12-14 00:00:00,2
ef462b34-8a83-3aa2-7bf9-1ed8a69f7184,2025-12-28 00:00:00,3
ef462b34-8a83-3aa2-7bf9-1ed8a69f7184,2026-01-04 00:00:00,2
ef462b34-8a83-3aa2-7bf9-1ed8a69f7184,2026-01-11 00:00:00,1
f0d0a9bd-433c-deeb-63e8-4a4c455202fa,2026-02-08 00:00:00,4
f0d0a9bd-433c-deeb-63e8-4a4c455202fa,2026-02-15 00:00:00,4
f0d0a9bd-433c-deeb-63e8-4a4c455202fa,2026-02-22 00:00:00,4
f0d0a9bd-433c-deeb-63e8-4a4c455202fa,2026-03-08 00:00:00,8
f0d0a9bd-433c-deeb-63e8-4a4c455202fa,2026-03-15 00:00:00,1
f0d0a9bd-433c-deeb-63e8-4a4c455202fa,2026-03-22 00:00:00,4
f0d0a9bd-433c-deeb-63e8-4a4c455202fa,2026-04-05 00:00:00,1
f0d0a9bd-433c-deeb-63e8-4a4c455202fa,2026-04-12 00:00:00,3
f0d0a9bd-433c-deeb-63e8-4a4c455202fa,2026-04-19 00:00:00,5
f0d0a9bd-433c-deeb-63e8-4a4c455202fa,2026-04-26 00:00:00,5
f0d0a9bd-433c-deeb-63e8-4a4c455202fa,2026-05-03 00:00:00,6
f0d0a9bd-433c-deeb-63e8-4a4c455202fa,2026-05-10 00:00:00,2
f0d0a9bd-433c-deeb-63e8-4a4c455202fa,2026-05-17 00:00:00,3
f13ff83d-6efb-2358-1be9-2c3d123c3530,2026-02-15 00:00:00,3
f13ff83d-6efb-2358-1be9-2c3d123c3530,2026-02-22 00:00:00,1
f13ff83d-6efb-2358-1be9-2c3d123c3530,2026-04-26 00:00:00,1
f13ff83d-6efb-2358-1be9-2c3d123c3530,2026-05-10 00:00:00,1
f1f1cf16-d325-a148-a234-5d56c18758ae,2026-03-15 00:00:00,1
f1f1cf16-d325-a148-a234-5d56c18758ae,2026-03-22 00:00:00,1
f1f1cf16-d325-a148-a234-5d56c18758ae,2026-04-05 00:00:00,1
f1f1cf16-d325-a148-a234-5d56c18758ae,2026-04-26 00:00:00,2
f1f1cf16-d325-a148-a234-5d56c18758ae,2026-05-17 00:00:00,1
f782731f-ea53-6b3d-b09b-cbd8d0cf39d9,2025-11-30 00:00:00,2
f782731f-ea53-6b3d-b09b-cbd8d0cf39d9,2025-12-07 00:00:00,13
